__run_id,__done,model,max_tokens,prompt_type,network_condition,duration_s,tokens_generated,output_bytes,tokens_per_second,cpu_usage,memory_usage,energy_usage
run_0_repetition_0,,gemma4b,120,image,normal,,,,,,,
run_0_repetition_1,,gemma4b,120,image,normal,,,,,,,
run_0_repetition_2,,gemma4b,120,image,normal,,,,,,,
run_0_repetition_3,,gemma4b,120,image,normal,,,,,,,
run_0_repetition_4,,gemma4b,120,image,normal,,,,,,,
run_0_repetition_5,,gemma4b,120,image,normal,,,,,,,
run_0_repetition_6,,gemma4b,120,image,normal,,,,,,,
run_0_repetition_7,,gemma4b,120,image,normal,,,,,,,
run_0_repetition_8,,gemma4b,120,image,normal,,,,,,,
run_0_repetition_9,,gemma4b,120,image,normal,,,,,,,
run_0_repetition_10,,gemma4b,120,image,normal,,,,,,,
run_0_repetition_11,,gemma4b,120,image,normal,,,,,,,
run_0_repetition_12,,gemma4b,120,image,normal,,,,,,,
run_0_repetition_13,,gemma4b,120,image,normal,,,,,,,
run_0_repetition_14,,gemma4b,120,image,normal,,,,,,,
run_0_repetition_15,,gemma4b,120,image,normal,,,,,,,
run_0_repetition_16,,gemma4b,120,image,normal,,,,,,,
run_0_repetition_17,,gemma4b,120,image,normal,,,,,,,
run_0_repetition_18,,gemma4b,120,image,normal,,,,,,,
run_0_repetition_19,,gemma4b,120,image,normal,,,,,,,
run_0_repetition_20,,gemma4b,120,image,normal,,,,,,,
run_0_repetition_21,,gemma4b,120,image,normal,,,,,,,
run_0_repetition_22,,gemma4b,120,image,normal,,,,,,,
run_0_repetition_23,,gemma4b,120,image,normal,,,,,,,
run_0_repetition_24,,gemma4b,120,image,normal,,,,,,,
run_0_repetition_25,,gemma4b,120,image,normal,,,,,,,
run_0_repetition_26,,gemma4b,120,image,normal,,,,,,,
run_0_repetition_27,,gemma4b,120,image,normal,,,,,,,
run_0_repetition_28,,gemma4b,120,image,normal,,,,,,,
run_0_repetition_29,,gemma4b,120,image,normal,,,,,,,
run_0_repetition_30,,gemma4b,120,image,normal,,,,,,,
run_0_repetition_31,,gemma4b,120,image,normal,,,,,,,
run_0_repetition_32,,gemma4b,120,image,normal,,,,,,,
run_0_repetition_33,,gemma4b,120,image,normal,,,,,,,
run_0_repetition_34,,gemma4b,120,image,normal,,,,,,,
run_0_repetition_35,,gemma4b,120,image,normal,,,,,,,
run_0_repetition_36,,gemma4b,120,image,normal,,,,,,,
run_0_repetition_37,,gemma4b,120,image,normal,,,,,,,
run_0_repetition_38,,gemma4b,120,image,normal,,,,,,,
run_0_repetition_39,,gemma4b,120,image,normal,,,,,,,
run_1_repetition_0,,gemma4b,650,image,normal,,,,,,,
run_1_repetition_1,,gemma4b,650,image,normal,,,,,,,
run_1_repetition_2,,gemma4b,650,image,normal,,,,,,,
run_1_repetition_3,,gemma4b,650,image,normal,,,,,,,
run_1_repetition_4,,gemma4b,650,image,normal,,,,,,,
run_1_repetition_5,,gemma4b,650,image,normal,,,,,,,
run_1_repetition_6,,gemma4b,650,image,normal,,,,,,,
run_1_repetition_7,,gemma4b,650,image,normal,,,,,,,
run_1_repetition_8,,gemma4b,650,image,normal,,,,,,,
run_1_repetition_9,,gemma4b,650,image,normal,,,,,,,
run_1_repetition_10,,gemma4b,650,image,normal,,,,,,,
run_1_repetition_11,,gemma4b,650,image,normal,,,,,,,
run_1_repetition_12,,gemma4b,650,image,normal,,,,,,,
run_1_repetition_13,,gemma4b,650,image,normal,,,,,,,
run_1_repetition_14,,gemma4b,650,image,normal,,,,,,,
run_1_repetition_15,,gemma4b,650,image,normal,,,,,,,
run_1_repetition_16,,gemma4b,650,image,normal,,,,,,,
run_1_repetition_17,,gemma4b,650,image,normal,,,,,,,
run_1_repetition_18,,gemma4b,650,image,normal,,,,,,,
run_1_repetition_19,,gemma4b,650,image,normal,,,,,,,
run_1_repetition_20,,gemma4b,650,image,normal,,,,,,,
run_1_repetition_21,,gemma4b,650,image,normal,,,,,,,
run_1_repetition_22,,gemma4b,650,image,normal,,,,,,,
run_1_repetition_23,,gemma4b,650,image,normal,,,,,,,
run_1_repetition_24,,gemma4b,650,image,normal,,,,,,,
run_1_repetition_25,,gemma4b,650,image,normal,,,,,,,
run_1_repetition_26,,gemma4b,650,image,normal,,,,,,,
run_1_repetition_27,,gemma4b,650,image,normal,,,,,,,
run_1_repetition_28,,gemma4b,650,image,normal,,,,,,,
run_1_repetition_29,,gemma4b,650,image,normal,,,,,,,
run_1_repetition_30,,gemma4b,650,image,normal,,,,,,,
run_1_repetition_31,,gemma4b,650,image,normal,,,,,,,
run_1_repetition_32,,gemma4b,650,image,normal,,,,,,,
run_1_repetition_33,,gemma4b,650,image,normal,,,,,,,
run_1_repetition_34,,gemma4b,650,image,normal,,,,,,,
run_1_repetition_35,,gemma4b,650,image,normal,,,,,,,
run_1_repetition_36,,gemma4b,650,image,normal,,,,,,,
run_1_repetition_37,,gemma4b,650,image,normal,,,,,,,
run_1_repetition_38,,gemma4b,650,image,normal,,,,,,,
run_1_repetition_39,,gemma4b,650,image,normal,,,,,,,
run_2_repetition_0,,gemma4b,1250,image,normal,,,,,,,
run_2_repetition_1,,gemma4b,1250,image,normal,,,,,,,
run_2_repetition_2,,gemma4b,1250,image,normal,,,,,,,
run_2_repetition_3,,gemma4b,1250,image,normal,,,,,,,
run_2_repetition_4,,gemma4b,1250,image,normal,,,,,,,
run_2_repetition_5,,gemma4b,1250,image,normal,,,,,,,
run_2_repetition_6,,gemma4b,1250,image,normal,,,,,,,
run_2_repetition_7,,gemma4b,1250,image,normal,,,,,,,
run_2_repetition_8,,gemma4b,1250,image,normal,,,,,,,
run_2_repetition_9,,gemma4b,1250,image,normal,,,,,,,
run_2_repetition_10,,gemma4b,1250,image,normal,,,,,,,
run_2_repetition_11,,gemma4b,1250,image,normal,,,,,,,
run_2_repetition_12,,gemma4b,1250,image,normal,,,,,,,
run_2_repetition_13,,gemma4b,1250,image,normal,,,,,,,
run_2_repetition_14,,gemma4b,1250,image,normal,,,,,,,
run_2_repetition_15,,gemma4b,1250,image,normal,,,,,,,
run_2_repetition_16,,gemma4b,1250,image,normal,,,,,,,
run_2_repetition_17,,gemma4b,1250,image,normal,,,,,,,
run_2_repetition_18,,gemma4b,1250,image,normal,,,,,,,
run_2_repetition_19,,gemma4b,1250,image,normal,,,,,,,
run_2_repetition_20,,gemma4b,1250,image,normal,,,,,,,
run_2_repetition_21,,gemma4b,1250,image,normal,,,,,,,
run_2_repetition_22,,gemma4b,1250,image,normal,,,,,,,
run_2_repetition_23,,gemma4b,1250,image,normal,,,,,,,
run_2_repetition_24,,gemma4b,1250,image,normal,,,,,,,
run_2_repetition_25,,gemma4b,1250,image,normal,,,,,,,
run_2_repetition_26,,gemma4b,1250,image,normal,,,,,,,
run_2_repetition_27,,gemma4b,1250,image,normal,,,,,,,
run_2_repetition_28,,gemma4b,1250,image,normal,,,,,,,
run_2_repetition_29,,gemma4b,1250,image,normal,,,,,,,
run_2_repetition_30,,gemma4b,1250,image,normal,,,,,,,
run_2_repetition_31,,gemma4b,1250,image,normal,,,,,,,
run_2_repetition_32,,gemma4b,1250,image,normal,,,,,,,
run_2_repetition_33,,gemma4b,1250,image,normal,,,,,,,
run_2_repetition_34,,gemma4b,1250,image,normal,,,,,,,
run_2_repetition_35,,gemma4b,1250,image,normal,,,,,,,
run_2_repetition_36,,gemma4b,1250,image,normal,,,,,,,
run_2_repetition_37,,gemma4b,1250,image,normal,,,,,,,
run_2_repetition_38,,gemma4b,1250,image,normal,,,,,,,
run_2_repetition_39,,gemma4b,1250,image,normal,,,,,,,
run_3_repetition_0,,gemma4b,120,text,normal,,,,,,,
run_3_repetition_1,,gemma4b,120,text,normal,,,,,,,
run_3_repetition_2,,gemma4b,120,text,normal,,,,,,,
run_3_repetition_3,,gemma4b,120,text,normal,,,,,,,
run_3_repetition_4,,gemma4b,120,text,normal,,,,,,,
run_3_repetition_5,,gemma4b,120,text,normal,,,,,,,
run_3_repetition_6,,gemma4b,120,text,normal,,,,,,,
run_3_repetition_7,,gemma4b,120,text,normal,,,,,,,
run_3_repetition_8,,gemma4b,120,text,normal,,,,,,,
run_3_repetition_9,,gemma4b,120,text,normal,,,,,,,
run_3_repetition_10,,gemma4b,120,text,normal,,,,,,,
run_3_repetition_11,,gemma4b,120,text,normal,,,,,,,
run_3_repetition_12,,gemma4b,120,text,normal,,,,,,,
run_3_repetition_13,,gemma4b,120,text,normal,,,,,,,
run_3_repetition_14,,gemma4b,120,text,normal,,,,,,,
run_3_repetition_15,,gemma4b,120,text,normal,,,,,,,
run_3_repetition_16,,gemma4b,120,text,normal,,,,,,,
run_3_repetition_17,,gemma4b,120,text,normal,,,,,,,
run_3_repetition_18,,gemma4b,120,text,normal,,,,,,,
run_3_repetition_19,,gemma4b,120,text,normal,,,,,,,
run_3_repetition_20,,gemma4b,120,text,normal,,,,,,,
run_3_repetition_21,,gemma4b,120,text,normal,,,,,,,
run_3_repetition_22,,gemma4b,120,text,normal,,,,,,,
run_3_repetition_23,,gemma4b,120,text,normal,,,,,,,
run_3_repetition_24,,gemma4b,120,text,normal,,,,,,,
run_3_repetition_25,,gemma4b,120,text,normal,,,,,,,
run_3_repetition_26,,gemma4b,120,text,normal,,,,,,,
run_3_repetition_27,,gemma4b,120,text,normal,,,,,,,
run_3_repetition_28,,gemma4b,120,text,normal,,,,,,,
run_3_repetition_29,,gemma4b,120,text,normal,,,,,,,
run_3_repetition_30,,gemma4b,120,text,normal,,,,,,,
run_3_repetition_31,,gemma4b,120,text,normal,,,,,,,
run_3_repetition_32,,gemma4b,120,text,normal,,,,,,,
run_3_repetition_33,,gemma4b,120,text,normal,,,,,,,
run_3_repetition_34,,gemma4b,120,text,normal,,,,,,,
run_3_repetition_35,,gemma4b,120,text,normal,,,,,,,
run_3_repetition_36,,gemma4b,120,text,normal,,,,,,,
run_3_repetition_37,,gemma4b,120,text,normal,,,,,,,
run_3_repetition_38,,gemma4b,120,text,normal,,,,,,,
run_3_repetition_39,,gemma4b,120,text,normal,,,,,,,
run_4_repetition_0,,gemma4b,650,text,normal,,,,,,,
run_4_repetition_1,,gemma4b,650,text,normal,,,,,,,
run_4_repetition_2,,gemma4b,650,text,normal,,,,,,,
run_4_repetition_3,,gemma4b,650,text,normal,,,,,,,
run_4_repetition_4,,gemma4b,650,text,normal,,,,,,,
run_4_repetition_5,,gemma4b,650,text,normal,,,,,,,
run_4_repetition_6,,gemma4b,650,text,normal,,,,,,,
run_4_repetition_7,,gemma4b,650,text,normal,,,,,,,
run_4_repetition_8,,gemma4b,650,text,normal,,,,,,,
run_4_repetition_9,,gemma4b,650,text,normal,,,,,,,
run_4_repetition_10,,gemma4b,650,text,normal,,,,,,,
run_4_repetition_11,,gemma4b,650,text,normal,,,,,,,
run_4_repetition_12,,gemma4b,650,text,normal,,,,,,,
run_4_repetition_13,,gemma4b,650,text,normal,,,,,,,
run_4_repetition_14,,gemma4b,650,text,normal,,,,,,,
run_4_repetition_15,,gemma4b,650,text,normal,,,,,,,
run_4_repetition_16,,gemma4b,650,text,normal,,,,,,,
run_4_repetition_17,,gemma4b,650,text,normal,,,,,,,
run_4_repetition_18,,gemma4b,650,text,normal,,,,,,,
run_4_repetition_19,,gemma4b,650,text,normal,,,,,,,
run_4_repetition_20,,gemma4b,650,text,normal,,,,,,,
run_4_repetition_21,,gemma4b,650,text,normal,,,,,,,
run_4_repetition_22,,gemma4b,650,text,normal,,,,,,,
run_4_repetition_23,,gemma4b,650,text,normal,,,,,,,
run_4_repetition_24,,gemma4b,650,text,normal,,,,,,,
run_4_repetition_25,,gemma4b,650,text,normal,,,,,,,
run_4_repetition_26,,gemma4b,650,text,normal,,,,,,,
run_4_repetition_27,,gemma4b,650,text,normal,,,,,,,
run_4_repetition_28,,gemma4b,650,text,normal,,,,,,,
run_4_repetition_29,,gemma4b,650,text,normal,,,,,,,
run_4_repetition_30,,gemma4b,650,text,normal,,,,,,,
run_4_repetition_31,,gemma4b,650,text,normal,,,,,,,
run_4_repetition_32,,gemma4b,650,text,normal,,,,,,,
run_4_repetition_33,,gemma4b,650,text,normal,,,,,,,
run_4_repetition_34,,gemma4b,650,text,normal,,,,,,,
run_4_repetition_35,,gemma4b,650,text,normal,,,,,,,
run_4_repetition_36,,gemma4b,650,text,normal,,,,,,,
run_4_repetition_37,,gemma4b,650,text,normal,,,,,,,
run_4_repetition_38,,gemma4b,650,text,normal,,,,,,,
run_4_repetition_39,,gemma4b,650,text,normal,,,,,,,
run_5_repetition_0,,gemma4b,1250,text,normal,,,,,,,
run_5_repetition_1,,gemma4b,1250,text,normal,,,,,,,
run_5_repetition_2,,gemma4b,1250,text,normal,,,,,,,
run_5_repetition_3,,gemma4b,1250,text,normal,,,,,,,
run_5_repetition_4,,gemma4b,1250,text,normal,,,,,,,
run_5_repetition_5,,gemma4b,1250,text,normal,,,,,,,
run_5_repetition_6,,gemma4b,1250,text,normal,,,,,,,
run_5_repetition_7,,gemma4b,1250,text,normal,,,,,,,
run_5_repetition_8,,gemma4b,1250,text,normal,,,,,,,
run_5_repetition_9,,gemma4b,1250,text,normal,,,,,,,
run_5_repetition_10,,gemma4b,1250,text,normal,,,,,,,
run_5_repetition_11,,gemma4b,1250,text,normal,,,,,,,
run_5_repetition_12,,gemma4b,1250,text,normal,,,,,,,
run_5_repetition_13,,gemma4b,1250,text,normal,,,,,,,
run_5_repetition_14,,gemma4b,1250,text,normal,,,,,,,
run_5_repetition_15,,gemma4b,1250,text,normal,,,,,,,
run_5_repetition_16,,gemma4b,1250,text,normal,,,,,,,
run_5_repetition_17,,gemma4b,1250,text,normal,,,,,,,
run_5_repetition_18,,gemma4b,1250,text,normal,,,,,,,
run_5_repetition_19,,gemma4b,1250,text,normal,,,,,,,
run_5_repetition_20,,gemma4b,1250,text,normal,,,,,,,
run_5_repetition_21,,gemma4b,1250,text,normal,,,,,,,
run_5_repetition_22,,gemma4b,1250,text,normal,,,,,,,
run_5_repetition_23,,gemma4b,1250,text,normal,,,,,,,
run_5_repetition_24,,gemma4b,1250,text,normal,,,,,,,
run_5_repetition_25,,gemma4b,1250,text,normal,,,,,,,
run_5_repetition_26,,gemma4b,1250,text,normal,,,,,,,
run_5_repetition_27,,gemma4b,1250,text,normal,,,,,,,
run_5_repetition_28,,gemma4b,1250,text,normal,,,,,,,
run_5_repetition_29,,gemma4b,1250,text,normal,,,,,,,
run_5_repetition_30,,gemma4b,1250,text,normal,,,,,,,
run_5_repetition_31,,gemma4b,1250,text,normal,,,,,,,
run_5_repetition_32,,gemma4b,1250,text,normal,,,,,,,
run_5_repetition_33,,gemma4b,1250,text,normal,,,,,,,
run_5_repetition_34,,gemma4b,1250,text,normal,,,,,,,
run_5_repetition_35,,gemma4b,1250,text,normal,,,,,,,
run_5_repetition_36,,gemma4b,1250,text,normal,,,,,,,
run_5_repetition_37,,gemma4b,1250,text,normal,,,,,,,
run_5_repetition_38,,gemma4b,1250,text,normal,,,,,,,
run_5_repetition_39,,gemma4b,1250,text,normal,,,,,,,
run_6_repetition_0,,gemma4b,120,image,degraded,,,,,,,
run_6_repetition_1,,gemma4b,120,image,degraded,,,,,,,
run_6_repetition_2,,gemma4b,120,image,degraded,,,,,,,
run_6_repetition_3,,gemma4b,120,image,degraded,,,,,,,
run_6_repetition_4,,gemma4b,120,image,degraded,,,,,,,
run_6_repetition_5,,gemma4b,120,image,degraded,,,,,,,
run_6_repetition_6,,gemma4b,120,image,degraded,,,,,,,
run_6_repetition_7,,gemma4b,120,image,degraded,,,,,,,
run_6_repetition_8,,gemma4b,120,image,degraded,,,,,,,
run_6_repetition_9,,gemma4b,120,image,degraded,,,,,,,
run_6_repetition_10,,gemma4b,120,image,degraded,,,,,,,
run_6_repetition_11,,gemma4b,120,image,degraded,,,,,,,
run_6_repetition_12,,gemma4b,120,image,degraded,,,,,,,
run_6_repetition_13,,gemma4b,120,image,degraded,,,,,,,
run_6_repetition_14,,gemma4b,120,image,degraded,,,,,,,
run_6_repetition_15,,gemma4b,120,image,degraded,,,,,,,
run_6_repetition_16,,gemma4b,120,image,degraded,,,,,,,
run_6_repetition_17,,gemma4b,120,image,degraded,,,,,,,
run_6_repetition_18,,gemma4b,120,image,degraded,,,,,,,
run_6_repetition_19,,gemma4b,120,image,degraded,,,,,,,
run_6_repetition_20,,gemma4b,120,image,degraded,,,,,,,
run_6_repetition_21,,gemma4b,120,image,degraded,,,,,,,
run_6_repetition_22,,gemma4b,120,image,degraded,,,,,,,
run_6_repetition_23,,gemma4b,120,image,degraded,,,,,,,
run_6_repetition_24,,gemma4b,120,image,degraded,,,,,,,
run_6_repetition_25,,gemma4b,120,image,degraded,,,,,,,
run_6_repetition_26,,gemma4b,120,image,degraded,,,,,,,
run_6_repetition_27,,gemma4b,120,image,degraded,,,,,,,
run_6_repetition_28,,gemma4b,120,image,degraded,,,,,,,
run_6_repetition_29,,gemma4b,120,image,degraded,,,,,,,
run_6_repetition_30,,gemma4b,120,image,degraded,,,,,,,
run_6_repetition_31,,gemma4b,120,image,degraded,,,,,,,
run_6_repetition_32,,gemma4b,120,image,degraded,,,,,,,
run_6_repetition_33,,gemma4b,120,image,degraded,,,,,,,
run_6_repetition_34,,gemma4b,120,image,degraded,,,,,,,
run_6_repetition_35,,gemma4b,120,image,degraded,,,,,,,
run_6_repetition_36,,gemma4b,120,image,degraded,,,,,,,
run_6_repetition_37,,gemma4b,120,image,degraded,,,,,,,
run_6_repetition_38,,gemma4b,120,image,degraded,,,,,,,
run_6_repetition_39,,gemma4b,120,image,degraded,,,,,,,
run_7_repetition_0,,gemma4b,650,image,degraded,,,,,,,
run_7_repetition_1,,gemma4b,650,image,degraded,,,,,,,
run_7_repetition_2,,gemma4b,650,image,degraded,,,,,,,
run_7_repetition_3,,gemma4b,650,image,degraded,,,,,,,
run_7_repetition_4,,gemma4b,650,image,degraded,,,,,,,
run_7_repetition_5,,gemma4b,650,image,degraded,,,,,,,
run_7_repetition_6,,gemma4b,650,image,degraded,,,,,,,
run_7_repetition_7,,gemma4b,650,image,degraded,,,,,,,
run_7_repetition_8,,gemma4b,650,image,degraded,,,,,,,
run_7_repetition_9,,gemma4b,650,image,degraded,,,,,,,
run_7_repetition_10,,gemma4b,650,image,degraded,,,,,,,
run_7_repetition_11,,gemma4b,650,image,degraded,,,,,,,
run_7_repetition_12,,gemma4b,650,image,degraded,,,,,,,
run_7_repetition_13,,gemma4b,650,image,degraded,,,,,,,
run_7_repetition_14,,gemma4b,650,image,degraded,,,,,,,
run_7_repetition_15,,gemma4b,650,image,degraded,,,,,,,
run_7_repetition_16,,gemma4b,650,image,degraded,,,,,,,
run_7_repetition_17,,gemma4b,650,image,degraded,,,,,,,
run_7_repetition_18,,gemma4b,650,image,degraded,,,,,,,
run_7_repetition_19,,gemma4b,650,image,degraded,,,,,,,
run_7_repetition_20,,gemma4b,650,image,degraded,,,,,,,
run_7_repetition_21,,gemma4b,650,image,degraded,,,,,,,
run_7_repetition_22,,gemma4b,650,image,degraded,,,,,,,
run_7_repetition_23,,gemma4b,650,image,degraded,,,,,,,
run_7_repetition_24,,gemma4b,650,image,degraded,,,,,,,
run_7_repetition_25,,gemma4b,650,image,degraded,,,,,,,
run_7_repetition_26,,gemma4b,650,image,degraded,,,,,,,
run_7_repetition_27,,gemma4b,650,image,degraded,,,,,,,
run_7_repetition_28,,gemma4b,650,image,degraded,,,,,,,
run_7_repetition_29,,gemma4b,650,image,degraded,,,,,,,
run_7_repetition_30,,gemma4b,650,image,degraded,,,,,,,
run_7_repetition_31,,gemma4b,650,image,degraded,,,,,,,
run_7_repetition_32,,gemma4b,650,image,degraded,,,,,,,
run_7_repetition_33,,gemma4b,650,image,degraded,,,,,,,
run_7_repetition_34,,gemma4b,650,image,degraded,,,,,,,
run_7_repetition_35,,gemma4b,650,image,degraded,,,,,,,
run_7_repetition_36,,gemma4b,650,image,degraded,,,,,,,
run_7_repetition_37,,gemma4b,650,image,degraded,,,,,,,
run_7_repetition_38,,gemma4b,650,image,degraded,,,,,,,
run_7_repetition_39,,gemma4b,650,image,degraded,,,,,,,
run_8_repetition_0,,gemma4b,1250,image,degraded,,,,,,,
run_8_repetition_1,,gemma4b,1250,image,degraded,,,,,,,
run_8_repetition_2,,gemma4b,1250,image,degraded,,,,,,,
run_8_repetition_3,,gemma4b,1250,image,degraded,,,,,,,
run_8_repetition_4,,gemma4b,1250,image,degraded,,,,,,,
run_8_repetition_5,,gemma4b,1250,image,degraded,,,,,,,
run_8_repetition_6,,gemma4b,1250,image,degraded,,,,,,,
run_8_repetition_7,,gemma4b,1250,image,degraded,,,,,,,
run_8_repetition_8,,gemma4b,1250,image,degraded,,,,,,,
run_8_repetition_9,,gemma4b,1250,image,degraded,,,,,,,
run_8_repetition_10,,gemma4b,1250,image,degraded,,,,,,,
run_8_repetition_11,,gemma4b,1250,image,degraded,,,,,,,
run_8_repetition_12,,gemma4b,1250,image,degraded,,,,,,,
run_8_repetition_13,,gemma4b,1250,image,degraded,,,,,,,
run_8_repetition_14,,gemma4b,1250,image,degraded,,,,,,,
run_8_repetition_15,,gemma4b,1250,image,degraded,,,,,,,
run_8_repetition_16,,gemma4b,1250,image,degraded,,,,,,,
run_8_repetition_17,,gemma4b,1250,image,degraded,,,,,,,
run_8_repetition_18,,gemma4b,1250,image,degraded,,,,,,,
run_8_repetition_19,,gemma4b,1250,image,degraded,,,,,,,
run_8_repetition_20,,gemma4b,1250,image,degraded,,,,,,,
run_8_repetition_21,,gemma4b,1250,image,degraded,,,,,,,
run_8_repetition_22,,gemma4b,1250,image,degraded,,,,,,,
run_8_repetition_23,,gemma4b,1250,image,degraded,,,,,,,
run_8_repetition_24,,gemma4b,1250,image,degraded,,,,,,,
run_8_repetition_25,,gemma4b,1250,image,degraded,,,,,,,
run_8_repetition_26,,gemma4b,1250,image,degraded,,,,,,,
run_8_repetition_27,,gemma4b,1250,image,degraded,,,,,,,
run_8_repetition_28,,gemma4b,1250,image,degraded,,,,,,,
run_8_repetition_29,,gemma4b,1250,image,degraded,,,,,,,
run_8_repetition_30,,gemma4b,1250,image,degraded,,,,,,,
run_8_repetition_31,,gemma4b,1250,image,degraded,,,,,,,
run_8_repetition_32,,gemma4b,1250,image,degraded,,,,,,,
run_8_repetition_33,,gemma4b,1250,image,degraded,,,,,,,
run_8_repetition_34,,gemma4b,1250,image,degraded,,,,,,,
run_8_repetition_35,,gemma4b,1250,image,degraded,,,,,,,
run_8_repetition_36,,gemma4b,1250,image,degraded,,,,,,,
run_8_repetition_37,,gemma4b,1250,image,degraded,,,,,,,
run_8_repetition_38,,gemma4b,1250,image,degraded,,,,,,,
run_8_repetition_39,,gemma4b,1250,image,degraded,,,,,,,
run_9_repetition_0,,gemma4b,120,text,degraded,,,,,,,
run_9_repetition_1,,gemma4b,120,text,degraded,,,,,,,
run_9_repetition_2,,gemma4b,120,text,degraded,,,,,,,
run_9_repetition_3,,gemma4b,120,text,degraded,,,,,,,
run_9_repetition_4,,gemma4b,120,text,degraded,,,,,,,
run_9_repetition_5,,gemma4b,120,text,degraded,,,,,,,
run_9_repetition_6,,gemma4b,120,text,degraded,,,,,,,
run_9_repetition_7,,gemma4b,120,text,degraded,,,,,,,
run_9_repetition_8,,gemma4b,120,text,degraded,,,,,,,
run_9_repetition_9,,gemma4b,120,text,degraded,,,,,,,
run_9_repetition_10,,gemma4b,120,text,degraded,,,,,,,
run_9_repetition_11,,gemma4b,120,text,degraded,,,,,,,
run_9_repetition_12,,gemma4b,120,text,degraded,,,,,,,
run_9_repetition_13,,gemma4b,120,text,degraded,,,,,,,
run_9_repetition_14,,gemma4b,120,text,degraded,,,,,,,
run_9_repetition_15,,gemma4b,120,text,degraded,,,,,,,
run_9_repetition_16,,gemma4b,120,text,degraded,,,,,,,
run_9_repetition_17,,gemma4b,120,text,degraded,,,,,,,
run_9_repetition_18,,gemma4b,120,text,degraded,,,,,,,
run_9_repetition_19,,gemma4b,120,text,degraded,,,,,,,
run_9_repetition_20,,gemma4b,120,text,degraded,,,,,,,
run_9_repetition_21,,gemma4b,120,text,degraded,,,,,,,
run_9_repetition_22,,gemma4b,120,text,degraded,,,,,,,
run_9_repetition_23,,gemma4b,120,text,degraded,,,,,,,
run_9_repetition_24,,gemma4b,120,text,degraded,,,,,,,
run_9_repetition_25,,gemma4b,120,text,degraded,,,,,,,
run_9_repetition_26,,gemma4b,120,text,degraded,,,,,,,
run_9_repetition_27,,gemma4b,120,text,degraded,,,,,,,
run_9_repetition_28,,gemma4b,120,text,degraded,,,,,,,
run_9_repetition_29,,gemma4b,120,text,degraded,,,,,,,
run_9_repetition_30,,gemma4b,120,text,degraded,,,,,,,
run_9_repetition_31,,gemma4b,120,text,degraded,,,,,,,
run_9_repetition_32,,gemma4b,120,text,degraded,,,,,,,
run_9_repetition_33,,gemma4b,120,text,degraded,,,,,,,
run_9_repetition_34,,gemma4b,120,text,degraded,,,,,,,
run_9_repetition_35,,gemma4b,120,text,degraded,,,,,,,
run_9_repetition_36,,gemma4b,120,text,degraded,,,,,,,
run_9_repetition_37,,gemma4b,120,text,degraded,,,,,,,
run_9_repetition_38,,gemma4b,120,text,degraded,,,,,,,
run_9_repetition_39,,gemma4b,120,text,degraded,,,,,,,
run_10_repetition_0,,gemma4b,650,text,degraded,,,,,,,
run_10_repetition_1,,gemma4b,650,text,degraded,,,,,,,
run_10_repetition_2,,gemma4b,650,text,degraded,,,,,,,
run_10_repetition_3,,gemma4b,650,text,degraded,,,,,,,
run_10_repetition_4,,gemma4b,650,text,degraded,,,,,,,
run_10_repetition_5,,gemma4b,650,text,degraded,,,,,,,
run_10_repetition_6,,gemma4b,650,text,degraded,,,,,,,
run_10_repetition_7,,gemma4b,650,text,degraded,,,,,,,
run_10_repetition_8,,gemma4b,650,text,degraded,,,,,,,
run_10_repetition_9,,gemma4b,650,text,degraded,,,,,,,
run_10_repetition_10,,gemma4b,650,text,degraded,,,,,,,
run_10_repetition_11,,gemma4b,650,text,degraded,,,,,,,
run_10_repetition_12,,gemma4b,650,text,degraded,,,,,,,
run_10_repetition_13,,gemma4b,650,text,degraded,,,,,,,
run_10_repetition_14,,gemma4b,650,text,degraded,,,,,,,
run_10_repetition_15,,gemma4b,650,text,degraded,,,,,,,
run_10_repetition_16,,gemma4b,650,text,degraded,,,,,,,
run_10_repetition_17,,gemma4b,650,text,degraded,,,,,,,
run_10_repetition_18,,gemma4b,650,text,degraded,,,,,,,
run_10_repetition_19,,gemma4b,650,text,degraded,,,,,,,
run_10_repetition_20,,gemma4b,650,text,degraded,,,,,,,
run_10_repetition_21,,gemma4b,650,text,degraded,,,,,,,
run_10_repetition_22,,gemma4b,650,text,degraded,,,,,,,
run_10_repetition_23,,gemma4b,650,text,degraded,,,,,,,
run_10_repetition_24,,gemma4b,650,text,degraded,,,,,,,
run_10_repetition_25,,gemma4b,650,text,degraded,,,,,,,
run_10_repetition_26,,gemma4b,650,text,degraded,,,,,,,
run_10_repetition_27,,gemma4b,650,text,degraded,,,,,,,
run_10_repetition_28,,gemma4b,650,text,degraded,,,,,,,
run_10_repetition_29,,gemma4b,650,text,degraded,,,,,,,
run_10_repetition_30,,gemma4b,650,text,degraded,,,,,,,
run_10_repetition_31,,gemma4b,650,text,degraded,,,,,,,
run_10_repetition_32,,gemma4b,650,text,degraded,,,,,,,
run_10_repetition_33,,gemma4b,650,text,degraded,,,,,,,
run_10_repetition_34,,gemma4b,650,text,degraded,,,,,,,
run_10_repetition_35,,gemma4b,650,text,degraded,,,,,,,
run_10_repetition_36,,gemma4b,650,text,degraded,,,,,,,
run_10_repetition_37,,gemma4b,650,text,degraded,,,,,,,
run_10_repetition_38,,gemma4b,650,text,degraded,,,,,,,
run_10_repetition_39,,gemma4b,650,text,degraded,,,,,,,
run_11_repetition_0,,gemma4b,1250,text,degraded,,,,,,,
run_11_repetition_1,,gemma4b,1250,text,degraded,,,,,,,
run_11_repetition_2,,gemma4b,1250,text,degraded,,,,,,,
run_11_repetition_3,,gemma4b,1250,text,degraded,,,,,,,
run_11_repetition_4,,gemma4b,1250,text,degraded,,,,,,,
run_11_repetition_5,,gemma4b,1250,text,degraded,,,,,,,
run_11_repetition_6,,gemma4b,1250,text,degraded,,,,,,,
run_11_repetition_7,,gemma4b,1250,text,degraded,,,,,,,
run_11_repetition_8,,gemma4b,1250,text,degraded,,,,,,,
run_11_repetition_9,,gemma4b,1250,text,degraded,,,,,,,
run_11_repetition_10,,gemma4b,1250,text,degraded,,,,,,,
run_11_repetition_11,,gemma4b,1250,text,degraded,,,,,,,
run_11_repetition_12,,gemma4b,1250,text,degraded,,,,,,,
run_11_repetition_13,,gemma4b,1250,text,degraded,,,,,,,
run_11_repetition_14,,gemma4b,1250,text,degraded,,,,,,,
run_11_repetition_15,,gemma4b,1250,text,degraded,,,,,,,
run_11_repetition_16,,gemma4b,1250,text,degraded,,,,,,,
run_11_repetition_17,,gemma4b,1250,text,degraded,,,,,,,
run_11_repetition_18,,gemma4b,1250,text,degraded,,,,,,,
run_11_repetition_19,,gemma4b,1250,text,degraded,,,,,,,
run_11_repetition_20,,gemma4b,1250,text,degraded,,,,,,,
run_11_repetition_21,,gemma4b,1250,text,degraded,,,,,,,
run_11_repetition_22,,gemma4b,1250,text,degraded,,,,,,,
run_11_repetition_23,,gemma4b,1250,text,degraded,,,,,,,
run_11_repetition_24,,gemma4b,1250,text,degraded,,,,,,,
run_11_repetition_25,,gemma4b,1250,text,degraded,,,,,,,
run_11_repetition_26,,gemma4b,1250,text,degraded,,,,,,,
run_11_repetition_27,,gemma4b,1250,text,degraded,,,,,,,
run_11_repetition_28,,gemma4b,1250,text,degraded,,,,,,,
run_11_repetition_29,,gemma4b,1250,text,degraded,,,,,,,
run_11_repetition_30,,gemma4b,1250,text,degraded,,,,,,,
run_11_repetition_31,,gemma4b,1250,text,degraded,,,,,,,
run_11_repetition_32,,gemma4b,1250,text,degraded,,,,,,,
run_11_repetition_33,,gemma4b,1250,text,degraded,,,,,,,
run_11_repetition_34,,gemma4b,1250,text,degraded,,,,,,,
run_11_repetition_35,,gemma4b,1250,text,degraded,,,,,,,
run_11_repetition_36,,gemma4b,1250,text,degraded,,,,,,,
run_11_repetition_37,,gemma4b,1250,text,degraded,,,,,,,
run_11_repetition_38,,gemma4b,1250,text,degraded,,,,,,,
run_11_repetition_39,,gemma4b,1250,text,degraded,,,,,,,
run_12_repetition_0,,gemma4b,120,image,bad,,,,,,,
run_12_repetition_1,,gemma4b,120,image,bad,,,,,,,
run_12_repetition_2,,gemma4b,120,image,bad,,,,,,,
run_12_repetition_3,,gemma4b,120,image,bad,,,,,,,
run_12_repetition_4,,gemma4b,120,image,bad,,,,,,,
run_12_repetition_5,,gemma4b,120,image,bad,,,,,,,
run_12_repetition_6,,gemma4b,120,image,bad,,,,,,,
run_12_repetition_7,,gemma4b,120,image,bad,,,,,,,
run_12_repetition_8,,gemma4b,120,image,bad,,,,,,,
run_12_repetition_9,,gemma4b,120,image,bad,,,,,,,
run_12_repetition_10,,gemma4b,120,image,bad,,,,,,,
run_12_repetition_11,,gemma4b,120,image,bad,,,,,,,
run_12_repetition_12,,gemma4b,120,image,bad,,,,,,,
run_12_repetition_13,,gemma4b,120,image,bad,,,,,,,
run_12_repetition_14,,gemma4b,120,image,bad,,,,,,,
run_12_repetition_15,,gemma4b,120,image,bad,,,,,,,
run_12_repetition_16,,gemma4b,120,image,bad,,,,,,,
run_12_repetition_17,,gemma4b,120,image,bad,,,,,,,
run_12_repetition_18,,gemma4b,120,image,bad,,,,,,,
run_12_repetition_19,,gemma4b,120,image,bad,,,,,,,
run_12_repetition_20,,gemma4b,120,image,bad,,,,,,,
run_12_repetition_21,,gemma4b,120,image,bad,,,,,,,
run_12_repetition_22,,gemma4b,120,image,bad,,,,,,,
run_12_repetition_23,,gemma4b,120,image,bad,,,,,,,
run_12_repetition_24,,gemma4b,120,image,bad,,,,,,,
run_12_repetition_25,,gemma4b,120,image,bad,,,,,,,
run_12_repetition_26,,gemma4b,120,image,bad,,,,,,,
run_12_repetition_27,,gemma4b,120,image,bad,,,,,,,
run_12_repetition_28,,gemma4b,120,image,bad,,,,,,,
run_12_repetition_29,,gemma4b,120,image,bad,,,,,,,
run_12_repetition_30,,gemma4b,120,image,bad,,,,,,,
run_12_repetition_31,,gemma4b,120,image,bad,,,,,,,
run_12_repetition_32,,gemma4b,120,image,bad,,,,,,,
run_12_repetition_33,,gemma4b,120,image,bad,,,,,,,
run_12_repetition_34,,gemma4b,120,image,bad,,,,,,,
run_12_repetition_35,,gemma4b,120,image,bad,,,,,,,
run_12_repetition_36,,gemma4b,120,image,bad,,,,,,,
run_12_repetition_37,,gemma4b,120,image,bad,,,,,,,
run_12_repetition_38,,gemma4b,120,image,bad,,,,,,,
run_12_repetition_39,,gemma4b,120,image,bad,,,,,,,
run_13_repetition_0,,gemma4b,650,image,bad,,,,,,,
run_13_repetition_1,,gemma4b,650,image,bad,,,,,,,
run_13_repetition_2,,gemma4b,650,image,bad,,,,,,,
run_13_repetition_3,,gemma4b,650,image,bad,,,,,,,
run_13_repetition_4,,gemma4b,650,image,bad,,,,,,,
run_13_repetition_5,,gemma4b,650,image,bad,,,,,,,
run_13_repetition_6,,gemma4b,650,image,bad,,,,,,,
run_13_repetition_7,,gemma4b,650,image,bad,,,,,,,
run_13_repetition_8,,gemma4b,650,image,bad,,,,,,,
run_13_repetition_9,,gemma4b,650,image,bad,,,,,,,
run_13_repetition_10,,gemma4b,650,image,bad,,,,,,,
run_13_repetition_11,,gemma4b,650,image,bad,,,,,,,
run_13_repetition_12,,gemma4b,650,image,bad,,,,,,,
run_13_repetition_13,,gemma4b,650,image,bad,,,,,,,
run_13_repetition_14,,gemma4b,650,image,bad,,,,,,,
run_13_repetition_15,,gemma4b,650,image,bad,,,,,,,
run_13_repetition_16,,gemma4b,650,image,bad,,,,,,,
run_13_repetition_17,,gemma4b,650,image,bad,,,,,,,
run_13_repetition_18,,gemma4b,650,image,bad,,,,,,,
run_13_repetition_19,,gemma4b,650,image,bad,,,,,,,
run_13_repetition_20,,gemma4b,650,image,bad,,,,,,,
run_13_repetition_21,,gemma4b,650,image,bad,,,,,,,
run_13_repetition_22,,gemma4b,650,image,bad,,,,,,,
run_13_repetition_23,,gemma4b,650,image,bad,,,,,,,
run_13_repetition_24,,gemma4b,650,image,bad,,,,,,,
run_13_repetition_25,,gemma4b,650,image,bad,,,,,,,
run_13_repetition_26,,gemma4b,650,image,bad,,,,,,,
run_13_repetition_27,,gemma4b,650,image,bad,,,,,,,
run_13_repetition_28,,gemma4b,650,image,bad,,,,,,,
run_13_repetition_29,,gemma4b,650,image,bad,,,,,,,
run_13_repetition_30,,gemma4b,650,image,bad,,,,,,,
run_13_repetition_31,,gemma4b,650,image,bad,,,,,,,
run_13_repetition_32,,gemma4b,650,image,bad,,,,,,,
run_13_repetition_33,,gemma4b,650,image,bad,,,,,,,
run_13_repetition_34,,gemma4b,650,image,bad,,,,,,,
run_13_repetition_35,,gemma4b,650,image,bad,,,,,,,
run_13_repetition_36,,gemma4b,650,image,bad,,,,,,,
run_13_repetition_37,,gemma4b,650,image,bad,,,,,,,
run_13_repetition_38,,gemma4b,650,image,bad,,,,,,,
run_13_repetition_39,,gemma4b,650,image,bad,,,,,,,
run_14_repetition_0,,gemma4b,1250,image,bad,,,,,,,
run_14_repetition_1,,gemma4b,1250,image,bad,,,,,,,
run_14_repetition_2,,gemma4b,1250,image,bad,,,,,,,
run_14_repetition_3,,gemma4b,1250,image,bad,,,,,,,
run_14_repetition_4,,gemma4b,1250,image,bad,,,,,,,
run_14_repetition_5,,gemma4b,1250,image,bad,,,,,,,
run_14_repetition_6,,gemma4b,1250,image,bad,,,,,,,
run_14_repetition_7,,gemma4b,1250,image,bad,,,,,,,
run_14_repetition_8,,gemma4b,1250,image,bad,,,,,,,
run_14_repetition_9,,gemma4b,1250,image,bad,,,,,,,
run_14_repetition_10,,gemma4b,1250,image,bad,,,,,,,
run_14_repetition_11,,gemma4b,1250,image,bad,,,,,,,
run_14_repetition_12,,gemma4b,1250,image,bad,,,,,,,
run_14_repetition_13,,gemma4b,1250,image,bad,,,,,,,
run_14_repetition_14,,gemma4b,1250,image,bad,,,,,,,
run_14_repetition_15,,gemma4b,1250,image,bad,,,,,,,
run_14_repetition_16,,gemma4b,1250,image,bad,,,,,,,
run_14_repetition_17,,gemma4b,1250,image,bad,,,,,,,
run_14_repetition_18,,gemma4b,1250,image,bad,,,,,,,
run_14_repetition_19,,gemma4b,1250,image,bad,,,,,,,
run_14_repetition_20,,gemma4b,1250,image,bad,,,,,,,
run_14_repetition_21,,gemma4b,1250,image,bad,,,,,,,
run_14_repetition_22,,gemma4b,1250,image,bad,,,,,,,
run_14_repetition_23,,gemma4b,1250,image,bad,,,,,,,
run_14_repetition_24,,gemma4b,1250,image,bad,,,,,,,
run_14_repetition_25,,gemma4b,1250,image,bad,,,,,,,
run_14_repetition_26,,gemma4b,1250,image,bad,,,,,,,
run_14_repetition_27,,gemma4b,1250,image,bad,,,,,,,
run_14_repetition_28,,gemma4b,1250,image,bad,,,,,,,
run_14_repetition_29,,gemma4b,1250,image,bad,,,,,,,
run_14_repetition_30,,gemma4b,1250,image,bad,,,,,,,
run_14_repetition_31,,gemma4b,1250,image,bad,,,,,,,
run_14_repetition_32,,gemma4b,1250,image,bad,,,,,,,
run_14_repetition_33,,gemma4b,1250,image,bad,,,,,,,
run_14_repetition_34,,gemma4b,1250,image,bad,,,,,,,
run_14_repetition_35,,gemma4b,1250,image,bad,,,,,,,
run_14_repetition_36,,gemma4b,1250,image,bad,,,,,,,
run_14_repetition_37,,gemma4b,1250,image,bad,,,,,,,
run_14_repetition_38,,gemma4b,1250,image,bad,,,,,,,
run_14_repetition_39,,gemma4b,1250,image,bad,,,,,,,
run_15_repetition_0,,gemma4b,120,text,bad,,,,,,,
run_15_repetition_1,,gemma4b,120,text,bad,,,,,,,
run_15_repetition_2,,gemma4b,120,text,bad,,,,,,,
run_15_repetition_3,,gemma4b,120,text,bad,,,,,,,
run_15_repetition_4,,gemma4b,120,text,bad,,,,,,,
run_15_repetition_5,,gemma4b,120,text,bad,,,,,,,
run_15_repetition_6,,gemma4b,120,text,bad,,,,,,,
run_15_repetition_7,,gemma4b,120,text,bad,,,,,,,
run_15_repetition_8,,gemma4b,120,text,bad,,,,,,,
run_15_repetition_9,,gemma4b,120,text,bad,,,,,,,
run_15_repetition_10,,gemma4b,120,text,bad,,,,,,,
run_15_repetition_11,,gemma4b,120,text,bad,,,,,,,
run_15_repetition_12,,gemma4b,120,text,bad,,,,,,,
run_15_repetition_13,,gemma4b,120,text,bad,,,,,,,
run_15_repetition_14,,gemma4b,120,text,bad,,,,,,,
run_15_repetition_15,,gemma4b,120,text,bad,,,,,,,
run_15_repetition_16,,gemma4b,120,text,bad,,,,,,,
run_15_repetition_17,,gemma4b,120,text,bad,,,,,,,
run_15_repetition_18,,gemma4b,120,text,bad,,,,,,,
run_15_repetition_19,,gemma4b,120,text,bad,,,,,,,
run_15_repetition_20,,gemma4b,120,text,bad,,,,,,,
run_15_repetition_21,,gemma4b,120,text,bad,,,,,,,
run_15_repetition_22,,gemma4b,120,text,bad,,,,,,,
run_15_repetition_23,,gemma4b,120,text,bad,,,,,,,
run_15_repetition_24,,gemma4b,120,text,bad,,,,,,,
run_15_repetition_25,,gemma4b,120,text,bad,,,,,,,
run_15_repetition_26,,gemma4b,120,text,bad,,,,,,,
run_15_repetition_27,,gemma4b,120,text,bad,,,,,,,
run_15_repetition_28,,gemma4b,120,text,bad,,,,,,,
run_15_repetition_29,,gemma4b,120,text,bad,,,,,,,
run_15_repetition_30,,gemma4b,120,text,bad,,,,,,,
run_15_repetition_31,,gemma4b,120,text,bad,,,,,,,
run_15_repetition_32,,gemma4b,120,text,bad,,,,,,,
run_15_repetition_33,,gemma4b,120,text,bad,,,,,,,
run_15_repetition_34,,gemma4b,120,text,bad,,,,,,,
run_15_repetition_35,,gemma4b,120,text,bad,,,,,,,
run_15_repetition_36,,gemma4b,120,text,bad,,,,,,,
run_15_repetition_37,,gemma4b,120,text,bad,,,,,,,
run_15_repetition_38,,gemma4b,120,text,bad,,,,,,,
run_15_repetition_39,,gemma4b,120,text,bad,,,,,,,
run_16_repetition_0,,gemma4b,650,text,bad,,,,,,,
run_16_repetition_1,,gemma4b,650,text,bad,,,,,,,
run_16_repetition_2,,gemma4b,650,text,bad,,,,,,,
run_16_repetition_3,,gemma4b,650,text,bad,,,,,,,
run_16_repetition_4,,gemma4b,650,text,bad,,,,,,,
run_16_repetition_5,,gemma4b,650,text,bad,,,,,,,
run_16_repetition_6,,gemma4b,650,text,bad,,,,,,,
run_16_repetition_7,,gemma4b,650,text,bad,,,,,,,
run_16_repetition_8,,gemma4b,650,text,bad,,,,,,,
run_16_repetition_9,,gemma4b,650,text,bad,,,,,,,
run_16_repetition_10,,gemma4b,650,text,bad,,,,,,,
run_16_repetition_11,,gemma4b,650,text,bad,,,,,,,
run_16_repetition_12,,gemma4b,650,text,bad,,,,,,,
run_16_repetition_13,,gemma4b,650,text,bad,,,,,,,
run_16_repetition_14,,gemma4b,650,text,bad,,,,,,,
run_16_repetition_15,,gemma4b,650,text,bad,,,,,,,
run_16_repetition_16,,gemma4b,650,text,bad,,,,,,,
run_16_repetition_17,,gemma4b,650,text,bad,,,,,,,
run_16_repetition_18,,gemma4b,650,text,bad,,,,,,,
run_16_repetition_19,,gemma4b,650,text,bad,,,,,,,
run_16_repetition_20,,gemma4b,650,text,bad,,,,,,,
run_16_repetition_21,,gemma4b,650,text,bad,,,,,,,
run_16_repetition_22,,gemma4b,650,text,bad,,,,,,,
run_16_repetition_23,,gemma4b,650,text,bad,,,,,,,
run_16_repetition_24,,gemma4b,650,text,bad,,,,,,,
run_16_repetition_25,,gemma4b,650,text,bad,,,,,,,
run_16_repetition_26,,gemma4b,650,text,bad,,,,,,,
run_16_repetition_27,,gemma4b,650,text,bad,,,,,,,
run_16_repetition_28,,gemma4b,650,text,bad,,,,,,,
run_16_repetition_29,,gemma4b,650,text,bad,,,,,,,
run_16_repetition_30,,gemma4b,650,text,bad,,,,,,,
run_16_repetition_31,,gemma4b,650,text,bad,,,,,,,
run_16_repetition_32,,gemma4b,650,text,bad,,,,,,,
run_16_repetition_33,,gemma4b,650,text,bad,,,,,,,
run_16_repetition_34,,gemma4b,650,text,bad,,,,,,,
run_16_repetition_35,,gemma4b,650,text,bad,,,,,,,
run_16_repetition_36,,gemma4b,650,text,bad,,,,,,,
run_16_repetition_37,,gemma4b,650,text,bad,,,,,,,
run_16_repetition_38,,gemma4b,650,text,bad,,,,,,,
run_16_repetition_39,,gemma4b,650,text,bad,,,,,,,
run_17_repetition_0,,gemma4b,1250,text,bad,,,,,,,
run_17_repetition_1,,gemma4b,1250,text,bad,,,,,,,
run_17_repetition_2,,gemma4b,1250,text,bad,,,,,,,
run_17_repetition_3,,gemma4b,1250,text,bad,,,,,,,
run_17_repetition_4,,gemma4b,1250,text,bad,,,,,,,
run_17_repetition_5,,gemma4b,1250,text,bad,,,,,,,
run_17_repetition_6,,gemma4b,1250,text,bad,,,,,,,
run_17_repetition_7,,gemma4b,1250,text,bad,,,,,,,
run_17_repetition_8,,gemma4b,1250,text,bad,,,,,,,
run_17_repetition_9,,gemma4b,1250,text,bad,,,,,,,
run_17_repetition_10,,gemma4b,1250,text,bad,,,,,,,
run_17_repetition_11,,gemma4b,1250,text,bad,,,,,,,
run_17_repetition_12,,gemma4b,1250,text,bad,,,,,,,
run_17_repetition_13,,gemma4b,1250,text,bad,,,,,,,
run_17_repetition_14,,gemma4b,1250,text,bad,,,,,,,
run_17_repetition_15,,gemma4b,1250,text,bad,,,,,,,
run_17_repetition_16,,gemma4b,1250,text,bad,,,,,,,
run_17_repetition_17,,gemma4b,1250,text,bad,,,,,,,
run_17_repetition_18,,gemma4b,1250,text,bad,,,,,,,
run_17_repetition_19,,gemma4b,1250,text,bad,,,,,,,
run_17_repetition_20,,gemma4b,1250,text,bad,,,,,,,
run_17_repetition_21,,gemma4b,1250,text,bad,,,,,,,
run_17_repetition_22,,gemma4b,1250,text,bad,,,,,,,
run_17_repetition_23,,gemma4b,1250,text,bad,,,,,,,
run_17_repetition_24,,gemma4b,1250,text,bad,,,,,,,
run_17_repetition_25,,gemma4b,1250,text,bad,,,,,,,
run_17_repetition_26,,gemma4b,1250,text,bad,,,,,,,
run_17_repetition_27,,gemma4b,1250,text,bad,,,,,,,
run_17_repetition_28,,gemma4b,1250,text,bad,,,,,,,
run_17_repetition_29,,gemma4b,1250,text,bad,,,,,,,
run_17_repetition_30,,gemma4b,1250,text,bad,,,,,,,
run_17_repetition_31,,gemma4b,1250,text,bad,,,,,,,
run_17_repetition_32,,gemma4b,1250,text,bad,,,,,,,
run_17_repetition_33,,gemma4b,1250,text,bad,,,,,,,
run_17_repetition_34,,gemma4b,1250,text,bad,,,,,,,
run_17_repetition_35,,gemma4b,1250,text,bad,,,,,,,
run_17_repetition_36,,gemma4b,1250,text,bad,,,,,,,
run_17_repetition_37,,gemma4b,1250,text,bad,,,,,,,
run_17_repetition_38,,gemma4b,1250,text,bad,,,,,,,
run_17_repetition_39,,gemma4b,1250,text,bad,,,,,,,
run_18_repetition_0,,qwen3b,120,image,normal,,,,,,,
run_18_repetition_1,,qwen3b,120,image,normal,,,,,,,
run_18_repetition_2,,qwen3b,120,image,normal,,,,,,,
run_18_repetition_3,,qwen3b,120,image,normal,,,,,,,
run_18_repetition_4,,qwen3b,120,image,normal,,,,,,,
run_18_repetition_5,,qwen3b,120,image,normal,,,,,,,
run_18_repetition_6,,qwen3b,120,image,normal,,,,,,,
run_18_repetition_7,,qwen3b,120,image,normal,,,,,,,
run_18_repetition_8,,qwen3b,120,image,normal,,,,,,,
run_18_repetition_9,,qwen3b,120,image,normal,,,,,,,
run_18_repetition_10,,qwen3b,120,image,normal,,,,,,,
run_18_repetition_11,,qwen3b,120,image,normal,,,,,,,
run_18_repetition_12,,qwen3b,120,image,normal,,,,,,,
run_18_repetition_13,,qwen3b,120,image,normal,,,,,,,
run_18_repetition_14,,qwen3b,120,image,normal,,,,,,,
run_18_repetition_15,,qwen3b,120,image,normal,,,,,,,
run_18_repetition_16,,qwen3b,120,image,normal,,,,,,,
run_18_repetition_17,,qwen3b,120,image,normal,,,,,,,
run_18_repetition_18,,qwen3b,120,image,normal,,,,,,,
run_18_repetition_19,,qwen3b,120,image,normal,,,,,,,
run_18_repetition_20,,qwen3b,120,image,normal,,,,,,,
run_18_repetition_21,,qwen3b,120,image,normal,,,,,,,
run_18_repetition_22,,qwen3b,120,image,normal,,,,,,,
run_18_repetition_23,,qwen3b,120,image,normal,,,,,,,
run_18_repetition_24,,qwen3b,120,image,normal,,,,,,,
run_18_repetition_25,,qwen3b,120,image,normal,,,,,,,
run_18_repetition_26,,qwen3b,120,image,normal,,,,,,,
run_18_repetition_27,,qwen3b,120,image,normal,,,,,,,
run_18_repetition_28,,qwen3b,120,image,normal,,,,,,,
run_18_repetition_29,,qwen3b,120,image,normal,,,,,,,
run_18_repetition_30,,qwen3b,120,image,normal,,,,,,,
run_18_repetition_31,,qwen3b,120,image,normal,,,,,,,
run_18_repetition_32,,qwen3b,120,image,normal,,,,,,,
run_18_repetition_33,,qwen3b,120,image,normal,,,,,,,
run_18_repetition_34,,qwen3b,120,image,normal,,,,,,,
run_18_repetition_35,,qwen3b,120,image,normal,,,,,,,
run_18_repetition_36,,qwen3b,120,image,normal,,,,,,,
run_18_repetition_37,,qwen3b,120,image,normal,,,,,,,
run_18_repetition_38,,qwen3b,120,image,normal,,,,,,,
run_18_repetition_39,,qwen3b,120,image,normal,,,,,,,
run_19_repetition_0,,qwen3b,650,image,normal,,,,,,,
run_19_repetition_1,,qwen3b,650,image,normal,,,,,,,
run_19_repetition_2,,qwen3b,650,image,normal,,,,,,,
run_19_repetition_3,,qwen3b,650,image,normal,,,,,,,
run_19_repetition_4,,qwen3b,650,image,normal,,,,,,,
run_19_repetition_5,,qwen3b,650,image,normal,,,,,,,
run_19_repetition_6,,qwen3b,650,image,normal,,,,,,,
run_19_repetition_7,,qwen3b,650,image,normal,,,,,,,
run_19_repetition_8,,qwen3b,650,image,normal,,,,,,,
run_19_repetition_9,,qwen3b,650,image,normal,,,,,,,
run_19_repetition_10,,qwen3b,650,image,normal,,,,,,,
run_19_repetition_11,,qwen3b,650,image,normal,,,,,,,
run_19_repetition_12,,qwen3b,650,image,normal,,,,,,,
run_19_repetition_13,,qwen3b,650,image,normal,,,,,,,
run_19_repetition_14,,qwen3b,650,image,normal,,,,,,,
run_19_repetition_15,,qwen3b,650,image,normal,,,,,,,
run_19_repetition_16,,qwen3b,650,image,normal,,,,,,,
run_19_repetition_17,,qwen3b,650,image,normal,,,,,,,
run_19_repetition_18,,qwen3b,650,image,normal,,,,,,,
run_19_repetition_19,,qwen3b,650,image,normal,,,,,,,
run_19_repetition_20,,qwen3b,650,image,normal,,,,,,,
run_19_repetition_21,,qwen3b,650,image,normal,,,,,,,
run_19_repetition_22,,qwen3b,650,image,normal,,,,,,,
run_19_repetition_23,,qwen3b,650,image,normal,,,,,,,
run_19_repetition_24,,qwen3b,650,image,normal,,,,,,,
run_19_repetition_25,,qwen3b,650,image,normal,,,,,,,
run_19_repetition_26,,qwen3b,650,image,normal,,,,,,,
run_19_repetition_27,,qwen3b,650,image,normal,,,,,,,
run_19_repetition_28,,qwen3b,650,image,normal,,,,,,,
run_19_repetition_29,,qwen3b,650,image,normal,,,,,,,
run_19_repetition_30,,qwen3b,650,image,normal,,,,,,,
run_19_repetition_31,,qwen3b,650,image,normal,,,,,,,
run_19_repetition_32,,qwen3b,650,image,normal,,,,,,,
run_19_repetition_33,,qwen3b,650,image,normal,,,,,,,
run_19_repetition_34,,qwen3b,650,image,normal,,,,,,,
run_19_repetition_35,,qwen3b,650,image,normal,,,,,,,
run_19_repetition_36,,qwen3b,650,image,normal,,,,,,,
run_19_repetition_37,,qwen3b,650,image,normal,,,,,,,
run_19_repetition_38,,qwen3b,650,image,normal,,,,,,,
run_19_repetition_39,,qwen3b,650,image,normal,,,,,,,
run_20_repetition_0,,qwen3b,1250,image,normal,,,,,,,
run_20_repetition_1,,qwen3b,1250,image,normal,,,,,,,
run_20_repetition_2,,qwen3b,1250,image,normal,,,,,,,
run_20_repetition_3,,qwen3b,1250,image,normal,,,,,,,
run_20_repetition_4,,qwen3b,1250,image,normal,,,,,,,
run_20_repetition_5,,qwen3b,1250,image,normal,,,,,,,
run_20_repetition_6,,qwen3b,1250,image,normal,,,,,,,
run_20_repetition_7,,qwen3b,1250,image,normal,,,,,,,
run_20_repetition_8,,qwen3b,1250,image,normal,,,,,,,
run_20_repetition_9,,qwen3b,1250,image,normal,,,,,,,
run_20_repetition_10,,qwen3b,1250,image,normal,,,,,,,
run_20_repetition_11,,qwen3b,1250,image,normal,,,,,,,
run_20_repetition_12,,qwen3b,1250,image,normal,,,,,,,
run_20_repetition_13,,qwen3b,1250,image,normal,,,,,,,
run_20_repetition_14,,qwen3b,1250,image,normal,,,,,,,
run_20_repetition_15,,qwen3b,1250,image,normal,,,,,,,
run_20_repetition_16,,qwen3b,1250,image,normal,,,,,,,
run_20_repetition_17,,qwen3b,1250,image,normal,,,,,,,
run_20_repetition_18,,qwen3b,1250,image,normal,,,,,,,
run_20_repetition_19,,qwen3b,1250,image,normal,,,,,,,
run_20_repetition_20,,qwen3b,1250,image,normal,,,,,,,
run_20_repetition_21,,qwen3b,1250,image,normal,,,,,,,
run_20_repetition_22,,qwen3b,1250,image,normal,,,,,,,
run_20_repetition_23,,qwen3b,1250,image,normal,,,,,,,
run_20_repetition_24,,qwen3b,1250,image,normal,,,,,,,
run_20_repetition_25,,qwen3b,1250,image,normal,,,,,,,
run_20_repetition_26,,qwen3b,1250,image,normal,,,,,,,
run_20_repetition_27,,qwen3b,1250,image,normal,,,,,,,
run_20_repetition_28,,qwen3b,1250,image,normal,,,,,,,
run_20_repetition_29,,qwen3b,1250,image,normal,,,,,,,
run_20_repetition_30,,qwen3b,1250,image,normal,,,,,,,
run_20_repetition_31,,qwen3b,1250,image,normal,,,,,,,
run_20_repetition_32,,qwen3b,1250,image,normal,,,,,,,
run_20_repetition_33,,qwen3b,1250,image,normal,,,,,,,
run_20_repetition_34,,qwen3b,1250,image,normal,,,,,,,
run_20_repetition_35,,qwen3b,1250,image,normal,,,,,,,
run_20_repetition_36,,qwen3b,1250,image,normal,,,,,,,
run_20_repetition_37,,qwen3b,1250,image,normal,,,,,,,
run_20_repetition_38,,qwen3b,1250,image,normal,,,,,,,
run_20_repetition_39,,qwen3b,1250,image,normal,,,,,,,
run_21_repetition_0,,qwen3b,120,text,normal,,,,,,,
run_21_repetition_1,,qwen3b,120,text,normal,,,,,,,
run_21_repetition_2,,qwen3b,120,text,normal,,,,,,,
run_21_repetition_3,,qwen3b,120,text,normal,,,,,,,
run_21_repetition_4,,qwen3b,120,text,normal,,,,,,,
run_21_repetition_5,,qwen3b,120,text,normal,,,,,,,
run_21_repetition_6,,qwen3b,120,text,normal,,,,,,,
run_21_repetition_7,,qwen3b,120,text,normal,,,,,,,
run_21_repetition_8,,qwen3b,120,text,normal,,,,,,,
run_21_repetition_9,,qwen3b,120,text,normal,,,,,,,
run_21_repetition_10,,qwen3b,120,text,normal,,,,,,,
run_21_repetition_11,,qwen3b,120,text,normal,,,,,,,
run_21_repetition_12,,qwen3b,120,text,normal,,,,,,,
run_21_repetition_13,,qwen3b,120,text,normal,,,,,,,
run_21_repetition_14,,qwen3b,120,text,normal,,,,,,,
run_21_repetition_15,,qwen3b,120,text,normal,,,,,,,
run_21_repetition_16,,qwen3b,120,text,normal,,,,,,,
run_21_repetition_17,,qwen3b,120,text,normal,,,,,,,
run_21_repetition_18,,qwen3b,120,text,normal,,,,,,,
run_21_repetition_19,,qwen3b,120,text,normal,,,,,,,
run_21_repetition_20,,qwen3b,120,text,normal,,,,,,,
run_21_repetition_21,,qwen3b,120,text,normal,,,,,,,
run_21_repetition_22,,qwen3b,120,text,normal,,,,,,,
run_21_repetition_23,,qwen3b,120,text,normal,,,,,,,
run_21_repetition_24,,qwen3b,120,text,normal,,,,,,,
run_21_repetition_25,,qwen3b,120,text,normal,,,,,,,
run_21_repetition_26,,qwen3b,120,text,normal,,,,,,,
run_21_repetition_27,,qwen3b,120,text,normal,,,,,,,
run_21_repetition_28,,qwen3b,120,text,normal,,,,,,,
run_21_repetition_29,,qwen3b,120,text,normal,,,,,,,
run_21_repetition_30,,qwen3b,120,text,normal,,,,,,,
run_21_repetition_31,,qwen3b,120,text,normal,,,,,,,
run_21_repetition_32,,qwen3b,120,text,normal,,,,,,,
run_21_repetition_33,,qwen3b,120,text,normal,,,,,,,
run_21_repetition_34,,qwen3b,120,text,normal,,,,,,,
run_21_repetition_35,,qwen3b,120,text,normal,,,,,,,
run_21_repetition_36,,qwen3b,120,text,normal,,,,,,,
run_21_repetition_37,,qwen3b,120,text,normal,,,,,,,
run_21_repetition_38,,qwen3b,120,text,normal,,,,,,,
run_21_repetition_39,,qwen3b,120,text,normal,,,,,,,
run_22_repetition_0,,qwen3b,650,text,normal,,,,,,,
run_22_repetition_1,,qwen3b,650,text,normal,,,,,,,
run_22_repetition_2,,qwen3b,650,text,normal,,,,,,,
run_22_repetition_3,,qwen3b,650,text,normal,,,,,,,
run_22_repetition_4,,qwen3b,650,text,normal,,,,,,,
run_22_repetition_5,,qwen3b,650,text,normal,,,,,,,
run_22_repetition_6,,qwen3b,650,text,normal,,,,,,,
run_22_repetition_7,,qwen3b,650,text,normal,,,,,,,
run_22_repetition_8,,qwen3b,650,text,normal,,,,,,,
run_22_repetition_9,,qwen3b,650,text,normal,,,,,,,
run_22_repetition_10,,qwen3b,650,text,normal,,,,,,,
run_22_repetition_11,,qwen3b,650,text,normal,,,,,,,
run_22_repetition_12,,qwen3b,650,text,normal,,,,,,,
run_22_repetition_13,,qwen3b,650,text,normal,,,,,,,
run_22_repetition_14,,qwen3b,650,text,normal,,,,,,,
run_22_repetition_15,,qwen3b,650,text,normal,,,,,,,
run_22_repetition_16,,qwen3b,650,text,normal,,,,,,,
run_22_repetition_17,,qwen3b,650,text,normal,,,,,,,
run_22_repetition_18,,qwen3b,650,text,normal,,,,,,,
run_22_repetition_19,,qwen3b,650,text,normal,,,,,,,
run_22_repetition_20,,qwen3b,650,text,normal,,,,,,,
run_22_repetition_21,,qwen3b,650,text,normal,,,,,,,
run_22_repetition_22,,qwen3b,650,text,normal,,,,,,,
run_22_repetition_23,,qwen3b,650,text,normal,,,,,,,
run_22_repetition_24,,qwen3b,650,text,normal,,,,,,,
run_22_repetition_25,,qwen3b,650,text,normal,,,,,,,
run_22_repetition_26,,qwen3b,650,text,normal,,,,,,,
run_22_repetition_27,,qwen3b,650,text,normal,,,,,,,
run_22_repetition_28,,qwen3b,650,text,normal,,,,,,,
run_22_repetition_29,,qwen3b,650,text,normal,,,,,,,
run_22_repetition_30,,qwen3b,650,text,normal,,,,,,,
run_22_repetition_31,,qwen3b,650,text,normal,,,,,,,
run_22_repetition_32,,qwen3b,650,text,normal,,,,,,,
run_22_repetition_33,,qwen3b,650,text,normal,,,,,,,
run_22_repetition_34,,qwen3b,650,text,normal,,,,,,,
run_22_repetition_35,,qwen3b,650,text,normal,,,,,,,
run_22_repetition_36,,qwen3b,650,text,normal,,,,,,,
run_22_repetition_37,,qwen3b,650,text,normal,,,,,,,
run_22_repetition_38,,qwen3b,650,text,normal,,,,,,,
run_22_repetition_39,,qwen3b,650,text,normal,,,,,,,
run_23_repetition_0,,qwen3b,1250,text,normal,,,,,,,
run_23_repetition_1,,qwen3b,1250,text,normal,,,,,,,
run_23_repetition_2,,qwen3b,1250,text,normal,,,,,,,
run_23_repetition_3,,qwen3b,1250,text,normal,,,,,,,
run_23_repetition_4,,qwen3b,1250,text,normal,,,,,,,
run_23_repetition_5,,qwen3b,1250,text,normal,,,,,,,
run_23_repetition_6,,qwen3b,1250,text,normal,,,,,,,
run_23_repetition_7,,qwen3b,1250,text,normal,,,,,,,
run_23_repetition_8,,qwen3b,1250,text,normal,,,,,,,
run_23_repetition_9,,qwen3b,1250,text,normal,,,,,,,
run_23_repetition_10,,qwen3b,1250,text,normal,,,,,,,
run_23_repetition_11,,qwen3b,1250,text,normal,,,,,,,
run_23_repetition_12,,qwen3b,1250,text,normal,,,,,,,
run_23_repetition_13,,qwen3b,1250,text,normal,,,,,,,
run_23_repetition_14,,qwen3b,1250,text,normal,,,,,,,
run_23_repetition_15,,qwen3b,1250,text,normal,,,,,,,
run_23_repetition_16,,qwen3b,1250,text,normal,,,,,,,
run_23_repetition_17,,qwen3b,1250,text,normal,,,,,,,
run_23_repetition_18,,qwen3b,1250,text,normal,,,,,,,
run_23_repetition_19,,qwen3b,1250,text,normal,,,,,,,
run_23_repetition_20,,qwen3b,1250,text,normal,,,,,,,
run_23_repetition_21,,qwen3b,1250,text,normal,,,,,,,
run_23_repetition_22,,qwen3b,1250,text,normal,,,,,,,
run_23_repetition_23,,qwen3b,1250,text,normal,,,,,,,
run_23_repetition_24,,qwen3b,1250,text,normal,,,,,,,
run_23_repetition_25,,qwen3b,1250,text,normal,,,,,,,
run_23_repetition_26,,qwen3b,1250,text,normal,,,,,,,
run_23_repetition_27,,qwen3b,1250,text,normal,,,,,,,
run_23_repetition_28,,qwen3b,1250,text,normal,,,,,,,
run_23_repetition_29,,qwen3b,1250,text,normal,,,,,,,
run_23_repetition_30,,qwen3b,1250,text,normal,,,,,,,
run_23_repetition_31,,qwen3b,1250,text,normal,,,,,,,
run_23_repetition_32,,qwen3b,1250,text,normal,,,,,,,
run_23_repetition_33,,qwen3b,1250,text,normal,,,,,,,
run_23_repetition_34,,qwen3b,1250,text,normal,,,,,,,
run_23_repetition_35,,qwen3b,1250,text,normal,,,,,,,
run_23_repetition_36,,qwen3b,1250,text,normal,,,,,,,
run_23_repetition_37,,qwen3b,1250,text,normal,,,,,,,
run_23_repetition_38,,qwen3b,1250,text,normal,,,,,,,
run_23_repetition_39,,qwen3b,1250,text,normal,,,,,,,
run_24_repetition_0,,qwen3b,120,image,degraded,,,,,,,
run_24_repetition_1,,qwen3b,120,image,degraded,,,,,,,
run_24_repetition_2,,qwen3b,120,image,degraded,,,,,,,
run_24_repetition_3,,qwen3b,120,image,degraded,,,,,,,
run_24_repetition_4,,qwen3b,120,image,degraded,,,,,,,
run_24_repetition_5,,qwen3b,120,image,degraded,,,,,,,
run_24_repetition_6,,qwen3b,120,image,degraded,,,,,,,
run_24_repetition_7,,qwen3b,120,image,degraded,,,,,,,
run_24_repetition_8,,qwen3b,120,image,degraded,,,,,,,
run_24_repetition_9,,qwen3b,120,image,degraded,,,,,,,
run_24_repetition_10,,qwen3b,120,image,degraded,,,,,,,
run_24_repetition_11,,qwen3b,120,image,degraded,,,,,,,
run_24_repetition_12,,qwen3b,120,image,degraded,,,,,,,
run_24_repetition_13,,qwen3b,120,image,degraded,,,,,,,
run_24_repetition_14,,qwen3b,120,image,degraded,,,,,,,
run_24_repetition_15,,qwen3b,120,image,degraded,,,,,,,
run_24_repetition_16,,qwen3b,120,image,degraded,,,,,,,
run_24_repetition_17,,qwen3b,120,image,degraded,,,,,,,
run_24_repetition_18,,qwen3b,120,image,degraded,,,,,,,
run_24_repetition_19,,qwen3b,120,image,degraded,,,,,,,
run_24_repetition_20,,qwen3b,120,image,degraded,,,,,,,
run_24_repetition_21,,qwen3b,120,image,degraded,,,,,,,
run_24_repetition_22,,qwen3b,120,image,degraded,,,,,,,
run_24_repetition_23,,qwen3b,120,image,degraded,,,,,,,
run_24_repetition_24,,qwen3b,120,image,degraded,,,,,,,
run_24_repetition_25,,qwen3b,120,image,degraded,,,,,,,
run_24_repetition_26,,qwen3b,120,image,degraded,,,,,,,
run_24_repetition_27,,qwen3b,120,image,degraded,,,,,,,
run_24_repetition_28,,qwen3b,120,image,degraded,,,,,,,
run_24_repetition_29,,qwen3b,120,image,degraded,,,,,,,
run_24_repetition_30,,qwen3b,120,image,degraded,,,,,,,
run_24_repetition_31,,qwen3b,120,image,degraded,,,,,,,
run_24_repetition_32,,qwen3b,120,image,degraded,,,,,,,
run_24_repetition_33,,qwen3b,120,image,degraded,,,,,,,
run_24_repetition_34,,qwen3b,120,image,degraded,,,,,,,
run_24_repetition_35,,qwen3b,120,image,degraded,,,,,,,
run_24_repetition_36,,qwen3b,120,image,degraded,,,,,,,
run_24_repetition_37,,qwen3b,120,image,degraded,,,,,,,
run_24_repetition_38,,qwen3b,120,image,degraded,,,,,,,
run_24_repetition_39,,qwen3b,120,image,degraded,,,,,,,
run_25_repetition_0,,qwen3b,650,image,degraded,,,,,,,
run_25_repetition_1,,qwen3b,650,image,degraded,,,,,,,
run_25_repetition_2,,qwen3b,650,image,degraded,,,,,,,
run_25_repetition_3,,qwen3b,650,image,degraded,,,,,,,
run_25_repetition_4,,qwen3b,650,image,degraded,,,,,,,
run_25_repetition_5,,qwen3b,650,image,degraded,,,,,,,
run_25_repetition_6,,qwen3b,650,image,degraded,,,,,,,
run_25_repetition_7,,qwen3b,650,image,degraded,,,,,,,
run_25_repetition_8,,qwen3b,650,image,degraded,,,,,,,
run_25_repetition_9,,qwen3b,650,image,degraded,,,,,,,
run_25_repetition_10,,qwen3b,650,image,degraded,,,,,,,
run_25_repetition_11,,qwen3b,650,image,degraded,,,,,,,
run_25_repetition_12,,qwen3b,650,image,degraded,,,,,,,
run_25_repetition_13,,qwen3b,650,image,degraded,,,,,,,
run_25_repetition_14,,qwen3b,650,image,degraded,,,,,,,
run_25_repetition_15,,qwen3b,650,image,degraded,,,,,,,
run_25_repetition_16,,qwen3b,650,image,degraded,,,,,,,
run_25_repetition_17,,qwen3b,650,image,degraded,,,,,,,
run_25_repetition_18,,qwen3b,650,image,degraded,,,,,,,
run_25_repetition_19,,qwen3b,650,image,degraded,,,,,,,
run_25_repetition_20,,qwen3b,650,image,degraded,,,,,,,
run_25_repetition_21,,qwen3b,650,image,degraded,,,,,,,
run_25_repetition_22,,qwen3b,650,image,degraded,,,,,,,
run_25_repetition_23,,qwen3b,650,image,degraded,,,,,,,
run_25_repetition_24,,qwen3b,650,image,degraded,,,,,,,
run_25_repetition_25,,qwen3b,650,image,degraded,,,,,,,
run_25_repetition_26,,qwen3b,650,image,degraded,,,,,,,
run_25_repetition_27,,qwen3b,650,image,degraded,,,,,,,
run_25_repetition_28,,qwen3b,650,image,degraded,,,,,,,
run_25_repetition_29,,qwen3b,650,image,degraded,,,,,,,
run_25_repetition_30,,qwen3b,650,image,degraded,,,,,,,
run_25_repetition_31,,qwen3b,650,image,degraded,,,,,,,
run_25_repetition_32,,qwen3b,650,image,degraded,,,,,,,
run_25_repetition_33,,qwen3b,650,image,degraded,,,,,,,
run_25_repetition_34,,qwen3b,650,image,degraded,,,,,,,
run_25_repetition_35,,qwen3b,650,image,degraded,,,,,,,
run_25_repetition_36,,qwen3b,650,image,degraded,,,,,,,
run_25_repetition_37,,qwen3b,650,image,degraded,,,,,,,
run_25_repetition_38,,qwen3b,650,image,degraded,,,,,,,
run_25_repetition_39,,qwen3b,650,image,degraded,,,,,,,
run_26_repetition_0,,qwen3b,1250,image,degraded,,,,,,,
run_26_repetition_1,,qwen3b,1250,image,degraded,,,,,,,
run_26_repetition_2,,qwen3b,1250,image,degraded,,,,,,,
run_26_repetition_3,,qwen3b,1250,image,degraded,,,,,,,
run_26_repetition_4,,qwen3b,1250,image,degraded,,,,,,,
run_26_repetition_5,,qwen3b,1250,image,degraded,,,,,,,
run_26_repetition_6,,qwen3b,1250,image,degraded,,,,,,,
run_26_repetition_7,,qwen3b,1250,image,degraded,,,,,,,
run_26_repetition_8,,qwen3b,1250,image,degraded,,,,,,,
run_26_repetition_9,,qwen3b,1250,image,degraded,,,,,,,
run_26_repetition_10,,qwen3b,1250,image,degraded,,,,,,,
run_26_repetition_11,,qwen3b,1250,image,degraded,,,,,,,
run_26_repetition_12,,qwen3b,1250,image,degraded,,,,,,,
run_26_repetition_13,,qwen3b,1250,image,degraded,,,,,,,
run_26_repetition_14,,qwen3b,1250,image,degraded,,,,,,,
run_26_repetition_15,,qwen3b,1250,image,degraded,,,,,,,
run_26_repetition_16,,qwen3b,1250,image,degraded,,,,,,,
run_26_repetition_17,,qwen3b,1250,image,degraded,,,,,,,
run_26_repetition_18,,qwen3b,1250,image,degraded,,,,,,,
run_26_repetition_19,,qwen3b,1250,image,degraded,,,,,,,
run_26_repetition_20,,qwen3b,1250,image,degraded,,,,,,,
run_26_repetition_21,,qwen3b,1250,image,degraded,,,,,,,
run_26_repetition_22,,qwen3b,1250,image,degraded,,,,,,,
run_26_repetition_23,,qwen3b,1250,image,degraded,,,,,,,
run_26_repetition_24,,qwen3b,1250,image,degraded,,,,,,,
run_26_repetition_25,,qwen3b,1250,image,degraded,,,,,,,
run_26_repetition_26,,qwen3b,1250,image,degraded,,,,,,,
run_26_repetition_27,,qwen3b,1250,image,degraded,,,,,,,
run_26_repetition_28,,qwen3b,1250,image,degraded,,,,,,,
run_26_repetition_29,,qwen3b,1250,image,degraded,,,,,,,
run_26_repetition_30,,qwen3b,1250,image,degraded,,,,,,,
run_26_repetition_31,,qwen3b,1250,image,degraded,,,,,,,
run_26_repetition_32,,qwen3b,1250,image,degraded,,,,,,,
run_26_repetition_33,,qwen3b,1250,image,degraded,,,,,,,
run_26_repetition_34,,qwen3b,1250,image,degraded,,,,,,,
run_26_repetition_35,,qwen3b,1250,image,degraded,,,,,,,
run_26_repetition_36,,qwen3b,1250,image,degraded,,,,,,,
run_26_repetition_37,,qwen3b,1250,image,degraded,,,,,,,
run_26_repetition_38,,qwen3b,1250,image,degraded,,,,,,,
run_26_repetition_39,,qwen3b,1250,image,degraded,,,,,,,
run_27_repetition_0,,qwen3b,120,text,degraded,,,,,,,
run_27_repetition_1,,qwen3b,120,text,degraded,,,,,,,
run_27_repetition_2,,qwen3b,120,text,degraded,,,,,,,
run_27_repetition_3,,qwen3b,120,text,degraded,,,,,,,
run_27_repetition_4,,qwen3b,120,text,degraded,,,,,,,
run_27_repetition_5,,qwen3b,120,text,degraded,,,,,,,
run_27_repetition_6,,qwen3b,120,text,degraded,,,,,,,
run_27_repetition_7,,qwen3b,120,text,degraded,,,,,,,
run_27_repetition_8,,qwen3b,120,text,degraded,,,,,,,
run_27_repetition_9,,qwen3b,120,text,degraded,,,,,,,
run_27_repetition_10,,qwen3b,120,text,degraded,,,,,,,
run_27_repetition_11,,qwen3b,120,text,degraded,,,,,,,
run_27_repetition_12,,qwen3b,120,text,degraded,,,,,,,
run_27_repetition_13,,qwen3b,120,text,degraded,,,,,,,
run_27_repetition_14,,qwen3b,120,text,degraded,,,,,,,
run_27_repetition_15,,qwen3b,120,text,degraded,,,,,,,
run_27_repetition_16,,qwen3b,120,text,degraded,,,,,,,
run_27_repetition_17,,qwen3b,120,text,degraded,,,,,,,
run_27_repetition_18,,qwen3b,120,text,degraded,,,,,,,
run_27_repetition_19,,qwen3b,120,text,degraded,,,,,,,
run_27_repetition_20,,qwen3b,120,text,degraded,,,,,,,
run_27_repetition_21,,qwen3b,120,text,degraded,,,,,,,
run_27_repetition_22,,qwen3b,120,text,degraded,,,,,,,
run_27_repetition_23,,qwen3b,120,text,degraded,,,,,,,
run_27_repetition_24,,qwen3b,120,text,degraded,,,,,,,
run_27_repetition_25,,qwen3b,120,text,degraded,,,,,,,
run_27_repetition_26,,qwen3b,120,text,degraded,,,,,,,
run_27_repetition_27,,qwen3b,120,text,degraded,,,,,,,
run_27_repetition_28,,qwen3b,120,text,degraded,,,,,,,
run_27_repetition_29,,qwen3b,120,text,degraded,,,,,,,
run_27_repetition_30,,qwen3b,120,text,degraded,,,,,,,
run_27_repetition_31,,qwen3b,120,text,degraded,,,,,,,
run_27_repetition_32,,qwen3b,120,text,degraded,,,,,,,
run_27_repetition_33,,qwen3b,120,text,degraded,,,,,,,
run_27_repetition_34,,qwen3b,120,text,degraded,,,,,,,
run_27_repetition_35,,qwen3b,120,text,degraded,,,,,,,
run_27_repetition_36,,qwen3b,120,text,degraded,,,,,,,
run_27_repetition_37,,qwen3b,120,text,degraded,,,,,,,
run_27_repetition_38,,qwen3b,120,text,degraded,,,,,,,
run_27_repetition_39,,qwen3b,120,text,degraded,,,,,,,
run_28_repetition_0,,qwen3b,650,text,degraded,,,,,,,
run_28_repetition_1,,qwen3b,650,text,degraded,,,,,,,
run_28_repetition_2,,qwen3b,650,text,degraded,,,,,,,
run_28_repetition_3,,qwen3b,650,text,degraded,,,,,,,
run_28_repetition_4,,qwen3b,650,text,degraded,,,,,,,
run_28_repetition_5,,qwen3b,650,text,degraded,,,,,,,
run_28_repetition_6,,qwen3b,650,text,degraded,,,,,,,
run_28_repetition_7,,qwen3b,650,text,degraded,,,,,,,
run_28_repetition_8,,qwen3b,650,text,degraded,,,,,,,
run_28_repetition_9,,qwen3b,650,text,degraded,,,,,,,
run_28_repetition_10,,qwen3b,650,text,degraded,,,,,,,
run_28_repetition_11,,qwen3b,650,text,degraded,,,,,,,
run_28_repetition_12,,qwen3b,650,text,degraded,,,,,,,
run_28_repetition_13,,qwen3b,650,text,degraded,,,,,,,
run_28_repetition_14,,qwen3b,650,text,degraded,,,,,,,
run_28_repetition_15,,qwen3b,650,text,degraded,,,,,,,
run_28_repetition_16,,qwen3b,650,text,degraded,,,,,,,
run_28_repetition_17,,qwen3b,650,text,degraded,,,,,,,
run_28_repetition_18,,qwen3b,650,text,degraded,,,,,,,
run_28_repetition_19,,qwen3b,650,text,degraded,,,,,,,
run_28_repetition_20,,qwen3b,650,text,degraded,,,,,,,
run_28_repetition_21,,qwen3b,650,text,degraded,,,,,,,
run_28_repetition_22,,qwen3b,650,text,degraded,,,,,,,
run_28_repetition_23,,qwen3b,650,text,degraded,,,,,,,
run_28_repetition_24,,qwen3b,650,text,degraded,,,,,,,
run_28_repetition_25,,qwen3b,650,text,degraded,,,,,,,
run_28_repetition_26,,qwen3b,650,text,degraded,,,,,,,
run_28_repetition_27,,qwen3b,650,text,degraded,,,,,,,
run_28_repetition_28,,qwen3b,650,text,degraded,,,,,,,
run_28_repetition_29,,qwen3b,650,text,degraded,,,,,,,
run_28_repetition_30,,qwen3b,650,text,degraded,,,,,,,
run_28_repetition_31,,qwen3b,650,text,degraded,,,,,,,
run_28_repetition_32,,qwen3b,650,text,degraded,,,,,,,
run_28_repetition_33,,qwen3b,650,text,degraded,,,,,,,
run_28_repetition_34,,qwen3b,650,text,degraded,,,,,,,
run_28_repetition_35,,qwen3b,650,text,degraded,,,,,,,
run_28_repetition_36,,qwen3b,650,text,degraded,,,,,,,
run_28_repetition_37,,qwen3b,650,text,degraded,,,,,,,
run_28_repetition_38,,qwen3b,650,text,degraded,,,,,,,
run_28_repetition_39,,qwen3b,650,text,degraded,,,,,,,
run_29_repetition_0,,qwen3b,1250,text,degraded,,,,,,,
run_29_repetition_1,,qwen3b,1250,text,degraded,,,,,,,
run_29_repetition_2,,qwen3b,1250,text,degraded,,,,,,,
run_29_repetition_3,,qwen3b,1250,text,degraded,,,,,,,
run_29_repetition_4,,qwen3b,1250,text,degraded,,,,,,,
run_29_repetition_5,,qwen3b,1250,text,degraded,,,,,,,
run_29_repetition_6,,qwen3b,1250,text,degraded,,,,,,,
run_29_repetition_7,,qwen3b,1250,text,degraded,,,,,,,
run_29_repetition_8,,qwen3b,1250,text,degraded,,,,,,,
run_29_repetition_9,,qwen3b,1250,text,degraded,,,,,,,
run_29_repetition_10,,qwen3b,1250,text,degraded,,,,,,,
run_29_repetition_11,,qwen3b,1250,text,degraded,,,,,,,
run_29_repetition_12,,qwen3b,1250,text,degraded,,,,,,,
run_29_repetition_13,,qwen3b,1250,text,degraded,,,,,,,
run_29_repetition_14,,qwen3b,1250,text,degraded,,,,,,,
run_29_repetition_15,,qwen3b,1250,text,degraded,,,,,,,
run_29_repetition_16,,qwen3b,1250,text,degraded,,,,,,,
run_29_repetition_17,,qwen3b,1250,text,degraded,,,,,,,
run_29_repetition_18,,qwen3b,1250,text,degraded,,,,,,,
run_29_repetition_19,,qwen3b,1250,text,degraded,,,,,,,
run_29_repetition_20,,qwen3b,1250,text,degraded,,,,,,,
run_29_repetition_21,,qwen3b,1250,text,degraded,,,,,,,
run_29_repetition_22,,qwen3b,1250,text,degraded,,,,,,,
run_29_repetition_23,,qwen3b,1250,text,degraded,,,,,,,
run_29_repetition_24,,qwen3b,1250,text,degraded,,,,,,,
run_29_repetition_25,,qwen3b,1250,text,degraded,,,,,,,
run_29_repetition_26,,qwen3b,1250,text,degraded,,,,,,,
run_29_repetition_27,,qwen3b,1250,text,degraded,,,,,,,
run_29_repetition_28,,qwen3b,1250,text,degraded,,,,,,,
run_29_repetition_29,,qwen3b,1250,text,degraded,,,,,,,
run_29_repetition_30,,qwen3b,1250,text,degraded,,,,,,,
run_29_repetition_31,,qwen3b,1250,text,degraded,,,,,,,
run_29_repetition_32,,qwen3b,1250,text,degraded,,,,,,,
run_29_repetition_33,,qwen3b,1250,text,degraded,,,,,,,
run_29_repetition_34,,qwen3b,1250,text,degraded,,,,,,,
run_29_repetition_35,,qwen3b,1250,text,degraded,,,,,,,
run_29_repetition_36,,qwen3b,1250,text,degraded,,,,,,,
run_29_repetition_37,,qwen3b,1250,text,degraded,,,,,,,
run_29_repetition_38,,qwen3b,1250,text,degraded,,,,,,,
run_29_repetition_39,,qwen3b,1250,text,degraded,,,,,,,
run_30_repetition_0,,qwen3b,120,image,bad,,,,,,,
run_30_repetition_1,,qwen3b,120,image,bad,,,,,,,
run_30_repetition_2,,qwen3b,120,image,bad,,,,,,,
run_30_repetition_3,,qwen3b,120,image,bad,,,,,,,
run_30_repetition_4,,qwen3b,120,image,bad,,,,,,,
run_30_repetition_5,,qwen3b,120,image,bad,,,,,,,
run_30_repetition_6,,qwen3b,120,image,bad,,,,,,,
run_30_repetition_7,,qwen3b,120,image,bad,,,,,,,
run_30_repetition_8,,qwen3b,120,image,bad,,,,,,,
run_30_repetition_9,,qwen3b,120,image,bad,,,,,,,
run_30_repetition_10,,qwen3b,120,image,bad,,,,,,,
run_30_repetition_11,,qwen3b,120,image,bad,,,,,,,
run_30_repetition_12,,qwen3b,120,image,bad,,,,,,,
run_30_repetition_13,,qwen3b,120,image,bad,,,,,,,
run_30_repetition_14,,qwen3b,120,image,bad,,,,,,,
run_30_repetition_15,,qwen3b,120,image,bad,,,,,,,
run_30_repetition_16,,qwen3b,120,image,bad,,,,,,,
run_30_repetition_17,,qwen3b,120,image,bad,,,,,,,
run_30_repetition_18,,qwen3b,120,image,bad,,,,,,,
run_30_repetition_19,,qwen3b,120,image,bad,,,,,,,
run_30_repetition_20,,qwen3b,120,image,bad,,,,,,,
run_30_repetition_21,,qwen3b,120,image,bad,,,,,,,
run_30_repetition_22,,qwen3b,120,image,bad,,,,,,,
run_30_repetition_23,,qwen3b,120,image,bad,,,,,,,
run_30_repetition_24,,qwen3b,120,image,bad,,,,,,,
run_30_repetition_25,,qwen3b,120,image,bad,,,,,,,
run_30_repetition_26,,qwen3b,120,image,bad,,,,,,,
run_30_repetition_27,,qwen3b,120,image,bad,,,,,,,
run_30_repetition_28,,qwen3b,120,image,bad,,,,,,,
run_30_repetition_29,,qwen3b,120,image,bad,,,,,,,
run_30_repetition_30,,qwen3b,120,image,bad,,,,,,,
run_30_repetition_31,,qwen3b,120,image,bad,,,,,,,
run_30_repetition_32,,qwen3b,120,image,bad,,,,,,,
run_30_repetition_33,,qwen3b,120,image,bad,,,,,,,
run_30_repetition_34,,qwen3b,120,image,bad,,,,,,,
run_30_repetition_35,,qwen3b,120,image,bad,,,,,,,
run_30_repetition_36,,qwen3b,120,image,bad,,,,,,,
run_30_repetition_37,,qwen3b,120,image,bad,,,,,,,
run_30_repetition_38,,qwen3b,120,image,bad,,,,,,,
run_30_repetition_39,,qwen3b,120,image,bad,,,,,,,
run_31_repetition_0,,qwen3b,650,image,bad,,,,,,,
run_31_repetition_1,,qwen3b,650,image,bad,,,,,,,
run_31_repetition_2,,qwen3b,650,image,bad,,,,,,,
run_31_repetition_3,,qwen3b,650,image,bad,,,,,,,
run_31_repetition_4,,qwen3b,650,image,bad,,,,,,,
run_31_repetition_5,,qwen3b,650,image,bad,,,,,,,
run_31_repetition_6,,qwen3b,650,image,bad,,,,,,,
run_31_repetition_7,,qwen3b,650,image,bad,,,,,,,
run_31_repetition_8,,qwen3b,650,image,bad,,,,,,,
run_31_repetition_9,,qwen3b,650,image,bad,,,,,,,
run_31_repetition_10,,qwen3b,650,image,bad,,,,,,,
run_31_repetition_11,,qwen3b,650,image,bad,,,,,,,
run_31_repetition_12,,qwen3b,650,image,bad,,,,,,,
run_31_repetition_13,,qwen3b,650,image,bad,,,,,,,
run_31_repetition_14,,qwen3b,650,image,bad,,,,,,,
run_31_repetition_15,,qwen3b,650,image,bad,,,,,,,
run_31_repetition_16,,qwen3b,650,image,bad,,,,,,,
run_31_repetition_17,,qwen3b,650,image,bad,,,,,,,
run_31_repetition_18,,qwen3b,650,image,bad,,,,,,,
run_31_repetition_19,,qwen3b,650,image,bad,,,,,,,
run_31_repetition_20,,qwen3b,650,image,bad,,,,,,,
run_31_repetition_21,,qwen3b,650,image,bad,,,,,,,
run_31_repetition_22,,qwen3b,650,image,bad,,,,,,,
run_31_repetition_23,,qwen3b,650,image,bad,,,,,,,
run_31_repetition_24,,qwen3b,650,image,bad,,,,,,,
run_31_repetition_25,,qwen3b,650,image,bad,,,,,,,
run_31_repetition_26,,qwen3b,650,image,bad,,,,,,,
run_31_repetition_27,,qwen3b,650,image,bad,,,,,,,
run_31_repetition_28,,qwen3b,650,image,bad,,,,,,,
run_31_repetition_29,,qwen3b,650,image,bad,,,,,,,
run_31_repetition_30,,qwen3b,650,image,bad,,,,,,,
run_31_repetition_31,,qwen3b,650,image,bad,,,,,,,
run_31_repetition_32,,qwen3b,650,image,bad,,,,,,,
run_31_repetition_33,,qwen3b,650,image,bad,,,,,,,
run_31_repetition_34,,qwen3b,650,image,bad,,,,,,,
run_31_repetition_35,,qwen3b,650,image,bad,,,,,,,
run_31_repetition_36,,qwen3b,650,image,bad,,,,,,,
run_31_repetition_37,,qwen3b,650,image,bad,,,,,,,
run_31_repetition_38,,qwen3b,650,image,bad,,,,,,,
run_31_repetition_39,,qwen3b,650,image,bad,,,,,,,
run_32_repetition_0,,qwen3b,1250,image,bad,,,,,,,
run_32_repetition_1,,qwen3b,1250,image,bad,,,,,,,
run_32_repetition_2,,qwen3b,1250,image,bad,,,,,,,
run_32_repetition_3,,qwen3b,1250,image,bad,,,,,,,
run_32_repetition_4,,qwen3b,1250,image,bad,,,,,,,
run_32_repetition_5,,qwen3b,1250,image,bad,,,,,,,
run_32_repetition_6,,qwen3b,1250,image,bad,,,,,,,
run_32_repetition_7,,qwen3b,1250,image,bad,,,,,,,
run_32_repetition_8,,qwen3b,1250,image,bad,,,,,,,
run_32_repetition_9,,qwen3b,1250,image,bad,,,,,,,
run_32_repetition_10,,qwen3b,1250,image,bad,,,,,,,
run_32_repetition_11,,qwen3b,1250,image,bad,,,,,,,
run_32_repetition_12,,qwen3b,1250,image,bad,,,,,,,
run_32_repetition_13,,qwen3b,1250,image,bad,,,,,,,
run_32_repetition_14,,qwen3b,1250,image,bad,,,,,,,
run_32_repetition_15,,qwen3b,1250,image,bad,,,,,,,
run_32_repetition_16,,qwen3b,1250,image,bad,,,,,,,
run_32_repetition_17,,qwen3b,1250,image,bad,,,,,,,
run_32_repetition_18,,qwen3b,1250,image,bad,,,,,,,
run_32_repetition_19,,qwen3b,1250,image,bad,,,,,,,
run_32_repetition_20,,qwen3b,1250,image,bad,,,,,,,
run_32_repetition_21,,qwen3b,1250,image,bad,,,,,,,
run_32_repetition_22,,qwen3b,1250,image,bad,,,,,,,
run_32_repetition_23,,qwen3b,1250,image,bad,,,,,,,
run_32_repetition_24,,qwen3b,1250,image,bad,,,,,,,
run_32_repetition_25,,qwen3b,1250,image,bad,,,,,,,
run_32_repetition_26,,qwen3b,1250,image,bad,,,,,,,
run_32_repetition_27,,qwen3b,1250,image,bad,,,,,,,
run_32_repetition_28,,qwen3b,1250,image,bad,,,,,,,
run_32_repetition_29,,qwen3b,1250,image,bad,,,,,,,
run_32_repetition_30,,qwen3b,1250,image,bad,,,,,,,
run_32_repetition_31,,qwen3b,1250,image,bad,,,,,,,
run_32_repetition_32,,qwen3b,1250,image,bad,,,,,,,
run_32_repetition_33,,qwen3b,1250,image,bad,,,,,,,
run_32_repetition_34,,qwen3b,1250,image,bad,,,,,,,
run_32_repetition_35,,qwen3b,1250,image,bad,,,,,,,
run_32_repetition_36,,qwen3b,1250,image,bad,,,,,,,
run_32_repetition_37,,qwen3b,1250,image,bad,,,,,,,
run_32_repetition_38,,qwen3b,1250,image,bad,,,,,,,
run_32_repetition_39,,qwen3b,1250,image,bad,,,,,,,
run_33_repetition_0,,qwen3b,120,text,bad,,,,,,,
run_33_repetition_1,,qwen3b,120,text,bad,,,,,,,
run_33_repetition_2,,qwen3b,120,text,bad,,,,,,,
run_33_repetition_3,,qwen3b,120,text,bad,,,,,,,
run_33_repetition_4,,qwen3b,120,text,bad,,,,,,,
run_33_repetition_5,,qwen3b,120,text,bad,,,,,,,
run_33_repetition_6,,qwen3b,120,text,bad,,,,,,,
run_33_repetition_7,,qwen3b,120,text,bad,,,,,,,
run_33_repetition_8,,qwen3b,120,text,bad,,,,,,,
run_33_repetition_9,,qwen3b,120,text,bad,,,,,,,
run_33_repetition_10,,qwen3b,120,text,bad,,,,,,,
run_33_repetition_11,,qwen3b,120,text,bad,,,,,,,
run_33_repetition_12,,qwen3b,120,text,bad,,,,,,,
run_33_repetition_13,,qwen3b,120,text,bad,,,,,,,
run_33_repetition_14,,qwen3b,120,text,bad,,,,,,,
run_33_repetition_15,,qwen3b,120,text,bad,,,,,,,
run_33_repetition_16,,qwen3b,120,text,bad,,,,,,,
run_33_repetition_17,,qwen3b,120,text,bad,,,,,,,
run_33_repetition_18,,qwen3b,120,text,bad,,,,,,,
run_33_repetition_19,,qwen3b,120,text,bad,,,,,,,
run_33_repetition_20,,qwen3b,120,text,bad,,,,,,,
run_33_repetition_21,,qwen3b,120,text,bad,,,,,,,
run_33_repetition_22,,qwen3b,120,text,bad,,,,,,,
run_33_repetition_23,,qwen3b,120,text,bad,,,,,,,
run_33_repetition_24,,qwen3b,120,text,bad,,,,,,,
run_33_repetition_25,,qwen3b,120,text,bad,,,,,,,
run_33_repetition_26,,qwen3b,120,text,bad,,,,,,,
run_33_repetition_27,,qwen3b,120,text,bad,,,,,,,
run_33_repetition_28,,qwen3b,120,text,bad,,,,,,,
run_33_repetition_29,,qwen3b,120,text,bad,,,,,,,
run_33_repetition_30,,qwen3b,120,text,bad,,,,,,,
run_33_repetition_31,,qwen3b,120,text,bad,,,,,,,
run_33_repetition_32,,qwen3b,120,text,bad,,,,,,,
run_33_repetition_33,,qwen3b,120,text,bad,,,,,,,
run_33_repetition_34,,qwen3b,120,text,bad,,,,,,,
run_33_repetition_35,,qwen3b,120,text,bad,,,,,,,
run_33_repetition_36,,qwen3b,120,text,bad,,,,,,,
run_33_repetition_37,,qwen3b,120,text,bad,,,,,,,
run_33_repetition_38,,qwen3b,120,text,bad,,,,,,,
run_33_repetition_39,,qwen3b,120,text,bad,,,,,,,
run_34_repetition_0,,qwen3b,650,text,bad,,,,,,,
run_34_repetition_1,,qwen3b,650,text,bad,,,,,,,
run_34_repetition_2,,qwen3b,650,text,bad,,,,,,,
run_34_repetition_3,,qwen3b,650,text,bad,,,,,,,
run_34_repetition_4,,qwen3b,650,text,bad,,,,,,,
run_34_repetition_5,,qwen3b,650,text,bad,,,,,,,
run_34_repetition_6,,qwen3b,650,text,bad,,,,,,,
run_34_repetition_7,,qwen3b,650,text,bad,,,,,,,
run_34_repetition_8,,qwen3b,650,text,bad,,,,,,,
run_34_repetition_9,,qwen3b,650,text,bad,,,,,,,
run_34_repetition_10,,qwen3b,650,text,bad,,,,,,,
run_34_repetition_11,,qwen3b,650,text,bad,,,,,,,
run_34_repetition_12,,qwen3b,650,text,bad,,,,,,,
run_34_repetition_13,,qwen3b,650,text,bad,,,,,,,
run_34_repetition_14,,qwen3b,650,text,bad,,,,,,,
run_34_repetition_15,,qwen3b,650,text,bad,,,,,,,
run_34_repetition_16,,qwen3b,650,text,bad,,,,,,,
run_34_repetition_17,,qwen3b,650,text,bad,,,,,,,
run_34_repetition_18,,qwen3b,650,text,bad,,,,,,,
run_34_repetition_19,,qwen3b,650,text,bad,,,,,,,
run_34_repetition_20,,qwen3b,650,text,bad,,,,,,,
run_34_repetition_21,,qwen3b,650,text,bad,,,,,,,
run_34_repetition_22,,qwen3b,650,text,bad,,,,,,,
run_34_repetition_23,,qwen3b,650,text,bad,,,,,,,
run_34_repetition_24,,qwen3b,650,text,bad,,,,,,,
run_34_repetition_25,,qwen3b,650,text,bad,,,,,,,
run_34_repetition_26,,qwen3b,650,text,bad,,,,,,,
run_34_repetition_27,,qwen3b,650,text,bad,,,,,,,
run_34_repetition_28,,qwen3b,650,text,bad,,,,,,,
run_34_repetition_29,,qwen3b,650,text,bad,,,,,,,
run_34_repetition_30,,qwen3b,650,text,bad,,,,,,,
run_34_repetition_31,,qwen3b,650,text,bad,,,,,,,
run_34_repetition_32,,qwen3b,650,text,bad,,,,,,,
run_34_repetition_33,,qwen3b,650,text,bad,,,,,,,
run_34_repetition_34,,qwen3b,650,text,bad,,,,,,,
run_34_repetition_35,,qwen3b,650,text,bad,,,,,,,
run_34_repetition_36,,qwen3b,650,text,bad,,,,,,,
run_34_repetition_37,,qwen3b,650,text,bad,,,,,,,
run_34_repetition_38,,qwen3b,650,text,bad,,,,,,,
run_34_repetition_39,,qwen3b,650,text,bad,,,,,,,
run_35_repetition_0,,qwen3b,1250,text,bad,,,,,,,
run_35_repetition_1,,qwen3b,1250,text,bad,,,,,,,
run_35_repetition_2,,qwen3b,1250,text,bad,,,,,,,
run_35_repetition_3,,qwen3b,1250,text,bad,,,,,,,
run_35_repetition_4,,qwen3b,1250,text,bad,,,,,,,
run_35_repetition_5,,qwen3b,1250,text,bad,,,,,,,
run_35_repetition_6,,qwen3b,1250,text,bad,,,,,,,
run_35_repetition_7,,qwen3b,1250,text,bad,,,,,,,
run_35_repetition_8,,qwen3b,1250,text,bad,,,,,,,
run_35_repetition_9,,qwen3b,1250,text,bad,,,,,,,
run_35_repetition_10,,qwen3b,1250,text,bad,,,,,,,
run_35_repetition_11,,qwen3b,1250,text,bad,,,,,,,
run_35_repetition_12,,qwen3b,1250,text,bad,,,,,,,
run_35_repetition_13,,qwen3b,1250,text,bad,,,,,,,
run_35_repetition_14,,qwen3b,1250,text,bad,,,,,,,
run_35_repetition_15,,qwen3b,1250,text,bad,,,,,,,
run_35_repetition_16,,qwen3b,1250,text,bad,,,,,,,
run_35_repetition_17,,qwen3b,1250,text,bad,,,,,,,
run_35_repetition_18,,qwen3b,1250,text,bad,,,,,,,
run_35_repetition_19,,qwen3b,1250,text,bad,,,,,,,
run_35_repetition_20,,qwen3b,1250,text,bad,,,,,,,
run_35_repetition_21,,qwen3b,1250,text,bad,,,,,,,
run_35_repetition_22,,qwen3b,1250,text,bad,,,,,,,
run_35_repetition_23,,qwen3b,1250,text,bad,,,,,,,
run_35_repetition_24,,qwen3b,1250,text,bad,,,,,,,
run_35_repetition_25,,qwen3b,1250,text,bad,,,,,,,
run_35_repetition_26,,qwen3b,1250,text,bad,,,,,,,
run_35_repetition_27,,qwen3b,1250,text,bad,,,,,,,
run_35_repetition_28,,qwen3b,1250,text,bad,,,,,,,
run_35_repetition_29,,qwen3b,1250,text,bad,,,,,,,
run_35_repetition_30,,qwen3b,1250,text,bad,,,,,,,
run_35_repetition_31,,qwen3b,1250,text,bad,,,,,,,
run_35_repetition_32,,qwen3b,1250,text,bad,,,,,,,
run_35_repetition_33,,qwen3b,1250,text,bad,,,,,,,
run_35_repetition_34,,qwen3b,1250,text,bad,,,,,,,
run_35_repetition_35,,qwen3b,1250,text,bad,,,,,,,
run_35_repetition_36,,qwen3b,1250,text,bad,,,,,,,
run_35_repetition_37,,qwen3b,1250,text,bad,,,,,,,
run_35_repetition_38,,qwen3b,1250,text,bad,,,,,,,
run_35_repetition_39,,qwen3b,1250,text,bad,,,,,,,
run_36_repetition_0,,qwen7b,120,image,normal,,,,,,,
run_36_repetition_1,,qwen7b,120,image,normal,,,,,,,
run_36_repetition_2,,qwen7b,120,image,normal,,,,,,,
run_36_repetition_3,,qwen7b,120,image,normal,,,,,,,
run_36_repetition_4,,qwen7b,120,image,normal,,,,,,,
run_36_repetition_5,,qwen7b,120,image,normal,,,,,,,
run_36_repetition_6,,qwen7b,120,image,normal,,,,,,,
run_36_repetition_7,,qwen7b,120,image,normal,,,,,,,
run_36_repetition_8,,qwen7b,120,image,normal,,,,,,,
run_36_repetition_9,,qwen7b,120,image,normal,,,,,,,
run_36_repetition_10,,qwen7b,120,image,normal,,,,,,,
run_36_repetition_11,,qwen7b,120,image,normal,,,,,,,
run_36_repetition_12,,qwen7b,120,image,normal,,,,,,,
run_36_repetition_13,,qwen7b,120,image,normal,,,,,,,
run_36_repetition_14,,qwen7b,120,image,normal,,,,,,,
run_36_repetition_15,,qwen7b,120,image,normal,,,,,,,
run_36_repetition_16,,qwen7b,120,image,normal,,,,,,,
run_36_repetition_17,,qwen7b,120,image,normal,,,,,,,
run_36_repetition_18,,qwen7b,120,image,normal,,,,,,,
run_36_repetition_19,,qwen7b,120,image,normal,,,,,,,
run_36_repetition_20,,qwen7b,120,image,normal,,,,,,,
run_36_repetition_21,,qwen7b,120,image,normal,,,,,,,
run_36_repetition_22,,qwen7b,120,image,normal,,,,,,,
run_36_repetition_23,,qwen7b,120,image,normal,,,,,,,
run_36_repetition_24,,qwen7b,120,image,normal,,,,,,,
run_36_repetition_25,,qwen7b,120,image,normal,,,,,,,
run_36_repetition_26,,qwen7b,120,image,normal,,,,,,,
run_36_repetition_27,,qwen7b,120,image,normal,,,,,,,
run_36_repetition_28,,qwen7b,120,image,normal,,,,,,,
run_36_repetition_29,,qwen7b,120,image,normal,,,,,,,
run_36_repetition_30,,qwen7b,120,image,normal,,,,,,,
run_36_repetition_31,,qwen7b,120,image,normal,,,,,,,
run_36_repetition_32,,qwen7b,120,image,normal,,,,,,,
run_36_repetition_33,,qwen7b,120,image,normal,,,,,,,
run_36_repetition_34,,qwen7b,120,image,normal,,,,,,,
run_36_repetition_35,,qwen7b,120,image,normal,,,,,,,
run_36_repetition_36,,qwen7b,120,image,normal,,,,,,,
run_36_repetition_37,,qwen7b,120,image,normal,,,,,,,
run_36_repetition_38,,qwen7b,120,image,normal,,,,,,,
run_36_repetition_39,,qwen7b,120,image,normal,,,,,,,
run_37_repetition_0,,qwen7b,650,image,normal,,,,,,,
run_37_repetition_1,,qwen7b,650,image,normal,,,,,,,
run_37_repetition_2,,qwen7b,650,image,normal,,,,,,,
run_37_repetition_3,,qwen7b,650,image,normal,,,,,,,
run_37_repetition_4,,qwen7b,650,image,normal,,,,,,,
run_37_repetition_5,,qwen7b,650,image,normal,,,,,,,
run_37_repetition_6,,qwen7b,650,image,normal,,,,,,,
run_37_repetition_7,,qwen7b,650,image,normal,,,,,,,
run_37_repetition_8,,qwen7b,650,image,normal,,,,,,,
run_37_repetition_9,,qwen7b,650,image,normal,,,,,,,
run_37_repetition_10,,qwen7b,650,image,normal,,,,,,,
run_37_repetition_11,,qwen7b,650,image,normal,,,,,,,
run_37_repetition_12,,qwen7b,650,image,normal,,,,,,,
run_37_repetition_13,,qwen7b,650,image,normal,,,,,,,
run_37_repetition_14,,qwen7b,650,image,normal,,,,,,,
run_37_repetition_15,,qwen7b,650,image,normal,,,,,,,
run_37_repetition_16,,qwen7b,650,image,normal,,,,,,,
run_37_repetition_17,,qwen7b,650,image,normal,,,,,,,
run_37_repetition_18,,qwen7b,650,image,normal,,,,,,,
run_37_repetition_19,,qwen7b,650,image,normal,,,,,,,
run_37_repetition_20,,qwen7b,650,image,normal,,,,,,,
run_37_repetition_21,,qwen7b,650,image,normal,,,,,,,
run_37_repetition_22,,qwen7b,650,image,normal,,,,,,,
run_37_repetition_23,,qwen7b,650,image,normal,,,,,,,
run_37_repetition_24,,qwen7b,650,image,normal,,,,,,,
run_37_repetition_25,,qwen7b,650,image,normal,,,,,,,
run_37_repetition_26,,qwen7b,650,image,normal,,,,,,,
run_37_repetition_27,,qwen7b,650,image,normal,,,,,,,
run_37_repetition_28,,qwen7b,650,image,normal,,,,,,,
run_37_repetition_29,,qwen7b,650,image,normal,,,,,,,
run_37_repetition_30,,qwen7b,650,image,normal,,,,,,,
run_37_repetition_31,,qwen7b,650,image,normal,,,,,,,
run_37_repetition_32,,qwen7b,650,image,normal,,,,,,,
run_37_repetition_33,,qwen7b,650,image,normal,,,,,,,
run_37_repetition_34,,qwen7b,650,image,normal,,,,,,,
run_37_repetition_35,,qwen7b,650,image,normal,,,,,,,
run_37_repetition_36,,qwen7b,650,image,normal,,,,,,,
run_37_repetition_37,,qwen7b,650,image,normal,,,,,,,
run_37_repetition_38,,qwen7b,650,image,normal,,,,,,,
run_37_repetition_39,,qwen7b,650,image,normal,,,,,,,
run_38_repetition_0,,qwen7b,1250,image,normal,,,,,,,
run_38_repetition_1,,qwen7b,1250,image,normal,,,,,,,
run_38_repetition_2,,qwen7b,1250,image,normal,,,,,,,
run_38_repetition_3,,qwen7b,1250,image,normal,,,,,,,
run_38_repetition_4,,qwen7b,1250,image,normal,,,,,,,
run_38_repetition_5,,qwen7b,1250,image,normal,,,,,,,
run_38_repetition_6,,qwen7b,1250,image,normal,,,,,,,
run_38_repetition_7,,qwen7b,1250,image,normal,,,,,,,
run_38_repetition_8,,qwen7b,1250,image,normal,,,,,,,
run_38_repetition_9,,qwen7b,1250,image,normal,,,,,,,
run_38_repetition_10,,qwen7b,1250,image,normal,,,,,,,
run_38_repetition_11,,qwen7b,1250,image,normal,,,,,,,
run_38_repetition_12,,qwen7b,1250,image,normal,,,,,,,
run_38_repetition_13,,qwen7b,1250,image,normal,,,,,,,
run_38_repetition_14,,qwen7b,1250,image,normal,,,,,,,
run_38_repetition_15,,qwen7b,1250,image,normal,,,,,,,
run_38_repetition_16,,qwen7b,1250,image,normal,,,,,,,
run_38_repetition_17,,qwen7b,1250,image,normal,,,,,,,
run_38_repetition_18,,qwen7b,1250,image,normal,,,,,,,
run_38_repetition_19,,qwen7b,1250,image,normal,,,,,,,
run_38_repetition_20,,qwen7b,1250,image,normal,,,,,,,
run_38_repetition_21,,qwen7b,1250,image,normal,,,,,,,
run_38_repetition_22,,qwen7b,1250,image,normal,,,,,,,
run_38_repetition_23,,qwen7b,1250,image,normal,,,,,,,
run_38_repetition_24,,qwen7b,1250,image,normal,,,,,,,
run_38_repetition_25,,qwen7b,1250,image,normal,,,,,,,
run_38_repetition_26,,qwen7b,1250,image,normal,,,,,,,
run_38_repetition_27,,qwen7b,1250,image,normal,,,,,,,
run_38_repetition_28,,qwen7b,1250,image,normal,,,,,,,
run_38_repetition_29,,qwen7b,1250,image,normal,,,,,,,
run_38_repetition_30,,qwen7b,1250,image,normal,,,,,,,
run_38_repetition_31,,qwen7b,1250,image,normal,,,,,,,
run_38_repetition_32,,qwen7b,1250,image,normal,,,,,,,
run_38_repetition_33,,qwen7b,1250,image,normal,,,,,,,
run_38_repetition_34,,qwen7b,1250,image,normal,,,,,,,
run_38_repetition_35,,qwen7b,1250,image,normal,,,,,,,
run_38_repetition_36,,qwen7b,1250,image,normal,,,,,,,
run_38_repetition_37,,qwen7b,1250,image,normal,,,,,,,
run_38_repetition_38,,qwen7b,1250,image,normal,,,,,,,
run_38_repetition_39,,qwen7b,1250,image,normal,,,,,,,
run_39_repetition_0,,qwen7b,120,text,normal,,,,,,,
run_39_repetition_1,,qwen7b,120,text,normal,,,,,,,
run_39_repetition_2,,qwen7b,120,text,normal,,,,,,,
run_39_repetition_3,,qwen7b,120,text,normal,,,,,,,
run_39_repetition_4,,qwen7b,120,text,normal,,,,,,,
run_39_repetition_5,,qwen7b,120,text,normal,,,,,,,
run_39_repetition_6,,qwen7b,120,text,normal,,,,,,,
run_39_repetition_7,,qwen7b,120,text,normal,,,,,,,
run_39_repetition_8,,qwen7b,120,text,normal,,,,,,,
run_39_repetition_9,,qwen7b,120,text,normal,,,,,,,
run_39_repetition_10,,qwen7b,120,text,normal,,,,,,,
run_39_repetition_11,,qwen7b,120,text,normal,,,,,,,
run_39_repetition_12,,qwen7b,120,text,normal,,,,,,,
run_39_repetition_13,,qwen7b,120,text,normal,,,,,,,
run_39_repetition_14,,qwen7b,120,text,normal,,,,,,,
run_39_repetition_15,,qwen7b,120,text,normal,,,,,,,
run_39_repetition_16,,qwen7b,120,text,normal,,,,,,,
run_39_repetition_17,,qwen7b,120,text,normal,,,,,,,
run_39_repetition_18,,qwen7b,120,text,normal,,,,,,,
run_39_repetition_19,,qwen7b,120,text,normal,,,,,,,
run_39_repetition_20,,qwen7b,120,text,normal,,,,,,,
run_39_repetition_21,,qwen7b,120,text,normal,,,,,,,
run_39_repetition_22,,qwen7b,120,text,normal,,,,,,,
run_39_repetition_23,,qwen7b,120,text,normal,,,,,,,
run_39_repetition_24,,qwen7b,120,text,normal,,,,,,,
run_39_repetition_25,,qwen7b,120,text,normal,,,,,,,
run_39_repetition_26,,qwen7b,120,text,normal,,,,,,,
run_39_repetition_27,,qwen7b,120,text,normal,,,,,,,
run_39_repetition_28,,qwen7b,120,text,normal,,,,,,,
run_39_repetition_29,,qwen7b,120,text,normal,,,,,,,
run_39_repetition_30,,qwen7b,120,text,normal,,,,,,,
run_39_repetition_31,,qwen7b,120,text,normal,,,,,,,
run_39_repetition_32,,qwen7b,120,text,normal,,,,,,,
run_39_repetition_33,,qwen7b,120,text,normal,,,,,,,
run_39_repetition_34,,qwen7b,120,text,normal,,,,,,,
run_39_repetition_35,,qwen7b,120,text,normal,,,,,,,
run_39_repetition_36,,qwen7b,120,text,normal,,,,,,,
run_39_repetition_37,,qwen7b,120,text,normal,,,,,,,
run_39_repetition_38,,qwen7b,120,text,normal,,,,,,,
run_39_repetition_39,,qwen7b,120,text,normal,,,,,,,
run_40_repetition_0,,qwen7b,650,text,normal,,,,,,,
run_40_repetition_1,,qwen7b,650,text,normal,,,,,,,
run_40_repetition_2,,qwen7b,650,text,normal,,,,,,,
run_40_repetition_3,,qwen7b,650,text,normal,,,,,,,
run_40_repetition_4,,qwen7b,650,text,normal,,,,,,,
run_40_repetition_5,,qwen7b,650,text,normal,,,,,,,
run_40_repetition_6,,qwen7b,650,text,normal,,,,,,,
run_40_repetition_7,,qwen7b,650,text,normal,,,,,,,
run_40_repetition_8,,qwen7b,650,text,normal,,,,,,,
run_40_repetition_9,,qwen7b,650,text,normal,,,,,,,
run_40_repetition_10,,qwen7b,650,text,normal,,,,,,,
run_40_repetition_11,,qwen7b,650,text,normal,,,,,,,
run_40_repetition_12,,qwen7b,650,text,normal,,,,,,,
run_40_repetition_13,,qwen7b,650,text,normal,,,,,,,
run_40_repetition_14,,qwen7b,650,text,normal,,,,,,,
run_40_repetition_15,,qwen7b,650,text,normal,,,,,,,
run_40_repetition_16,,qwen7b,650,text,normal,,,,,,,
run_40_repetition_17,,qwen7b,650,text,normal,,,,,,,
run_40_repetition_18,,qwen7b,650,text,normal,,,,,,,
run_40_repetition_19,,qwen7b,650,text,normal,,,,,,,
run_40_repetition_20,,qwen7b,650,text,normal,,,,,,,
run_40_repetition_21,,qwen7b,650,text,normal,,,,,,,
run_40_repetition_22,,qwen7b,650,text,normal,,,,,,,
run_40_repetition_23,,qwen7b,650,text,normal,,,,,,,
run_40_repetition_24,,qwen7b,650,text,normal,,,,,,,
run_40_repetition_25,,qwen7b,650,text,normal,,,,,,,
run_40_repetition_26,,qwen7b,650,text,normal,,,,,,,
run_40_repetition_27,,qwen7b,650,text,normal,,,,,,,
run_40_repetition_28,,qwen7b,650,text,normal,,,,,,,
run_40_repetition_29,,qwen7b,650,text,normal,,,,,,,
run_40_repetition_30,,qwen7b,650,text,normal,,,,,,,
run_40_repetition_31,,qwen7b,650,text,normal,,,,,,,
run_40_repetition_32,,qwen7b,650,text,normal,,,,,,,
run_40_repetition_33,,qwen7b,650,text,normal,,,,,,,
run_40_repetition_34,,qwen7b,650,text,normal,,,,,,,
run_40_repetition_35,,qwen7b,650,text,normal,,,,,,,
run_40_repetition_36,,qwen7b,650,text,normal,,,,,,,
run_40_repetition_37,,qwen7b,650,text,normal,,,,,,,
run_40_repetition_38,,qwen7b,650,text,normal,,,,,,,
run_40_repetition_39,,qwen7b,650,text,normal,,,,,,,
run_41_repetition_0,,qwen7b,1250,text,normal,,,,,,,
run_41_repetition_1,,qwen7b,1250,text,normal,,,,,,,
run_41_repetition_2,,qwen7b,1250,text,normal,,,,,,,
run_41_repetition_3,,qwen7b,1250,text,normal,,,,,,,
run_41_repetition_4,,qwen7b,1250,text,normal,,,,,,,
run_41_repetition_5,,qwen7b,1250,text,normal,,,,,,,
run_41_repetition_6,,qwen7b,1250,text,normal,,,,,,,
run_41_repetition_7,,qwen7b,1250,text,normal,,,,,,,
run_41_repetition_8,,qwen7b,1250,text,normal,,,,,,,
run_41_repetition_9,,qwen7b,1250,text,normal,,,,,,,
run_41_repetition_10,,qwen7b,1250,text,normal,,,,,,,
run_41_repetition_11,,qwen7b,1250,text,normal,,,,,,,
run_41_repetition_12,,qwen7b,1250,text,normal,,,,,,,
run_41_repetition_13,,qwen7b,1250,text,normal,,,,,,,
run_41_repetition_14,,qwen7b,1250,text,normal,,,,,,,
run_41_repetition_15,,qwen7b,1250,text,normal,,,,,,,
run_41_repetition_16,,qwen7b,1250,text,normal,,,,,,,
run_41_repetition_17,,qwen7b,1250,text,normal,,,,,,,
run_41_repetition_18,,qwen7b,1250,text,normal,,,,,,,
run_41_repetition_19,,qwen7b,1250,text,normal,,,,,,,
run_41_repetition_20,,qwen7b,1250,text,normal,,,,,,,
run_41_repetition_21,,qwen7b,1250,text,normal,,,,,,,
run_41_repetition_22,,qwen7b,1250,text,normal,,,,,,,
run_41_repetition_23,,qwen7b,1250,text,normal,,,,,,,
run_41_repetition_24,,qwen7b,1250,text,normal,,,,,,,
run_41_repetition_25,,qwen7b,1250,text,normal,,,,,,,
run_41_repetition_26,,qwen7b,1250,text,normal,,,,,,,
run_41_repetition_27,,qwen7b,1250,text,normal,,,,,,,
run_41_repetition_28,,qwen7b,1250,text,normal,,,,,,,
run_41_repetition_29,,qwen7b,1250,text,normal,,,,,,,
run_41_repetition_30,,qwen7b,1250,text,normal,,,,,,,
run_41_repetition_31,,qwen7b,1250,text,normal,,,,,,,
run_41_repetition_32,,qwen7b,1250,text,normal,,,,,,,
run_41_repetition_33,,qwen7b,1250,text,normal,,,,,,,
run_41_repetition_34,,qwen7b,1250,text,normal,,,,,,,
run_41_repetition_35,,qwen7b,1250,text,normal,,,,,,,
run_41_repetition_36,,qwen7b,1250,text,normal,,,,,,,
run_41_repetition_37,,qwen7b,1250,text,normal,,,,,,,
run_41_repetition_38,,qwen7b,1250,text,normal,,,,,,,
run_41_repetition_39,,qwen7b,1250,text,normal,,,,,,,
run_42_repetition_0,,qwen7b,120,image,degraded,,,,,,,
run_42_repetition_1,,qwen7b,120,image,degraded,,,,,,,
run_42_repetition_2,,qwen7b,120,image,degraded,,,,,,,
run_42_repetition_3,,qwen7b,120,image,degraded,,,,,,,
run_42_repetition_4,,qwen7b,120,image,degraded,,,,,,,
run_42_repetition_5,,qwen7b,120,image,degraded,,,,,,,
run_42_repetition_6,,qwen7b,120,image,degraded,,,,,,,
run_42_repetition_7,,qwen7b,120,image,degraded,,,,,,,
run_42_repetition_8,,qwen7b,120,image,degraded,,,,,,,
run_42_repetition_9,,qwen7b,120,image,degraded,,,,,,,
run_42_repetition_10,,qwen7b,120,image,degraded,,,,,,,
run_42_repetition_11,,qwen7b,120,image,degraded,,,,,,,
run_42_repetition_12,,qwen7b,120,image,degraded,,,,,,,
run_42_repetition_13,,qwen7b,120,image,degraded,,,,,,,
run_42_repetition_14,,qwen7b,120,image,degraded,,,,,,,
run_42_repetition_15,,qwen7b,120,image,degraded,,,,,,,
run_42_repetition_16,,qwen7b,120,image,degraded,,,,,,,
run_42_repetition_17,,qwen7b,120,image,degraded,,,,,,,
run_42_repetition_18,,qwen7b,120,image,degraded,,,,,,,
run_42_repetition_19,,qwen7b,120,image,degraded,,,,,,,
run_42_repetition_20,,qwen7b,120,image,degraded,,,,,,,
run_42_repetition_21,,qwen7b,120,image,degraded,,,,,,,
run_42_repetition_22,,qwen7b,120,image,degraded,,,,,,,
run_42_repetition_23,,qwen7b,120,image,degraded,,,,,,,
run_42_repetition_24,,qwen7b,120,image,degraded,,,,,,,
run_42_repetition_25,,qwen7b,120,image,degraded,,,,,,,
run_42_repetition_26,,qwen7b,120,image,degraded,,,,,,,
run_42_repetition_27,,qwen7b,120,image,degraded,,,,,,,
run_42_repetition_28,,qwen7b,120,image,degraded,,,,,,,
run_42_repetition_29,,qwen7b,120,image,degraded,,,,,,,
run_42_repetition_30,,qwen7b,120,image,degraded,,,,,,,
run_42_repetition_31,,qwen7b,120,image,degraded,,,,,,,
run_42_repetition_32,,qwen7b,120,image,degraded,,,,,,,
run_42_repetition_33,,qwen7b,120,image,degraded,,,,,,,
run_42_repetition_34,,qwen7b,120,image,degraded,,,,,,,
run_42_repetition_35,,qwen7b,120,image,degraded,,,,,,,
run_42_repetition_36,,qwen7b,120,image,degraded,,,,,,,
run_42_repetition_37,,qwen7b,120,image,degraded,,,,,,,
run_42_repetition_38,,qwen7b,120,image,degraded,,,,,,,
run_42_repetition_39,,qwen7b,120,image,degraded,,,,,,,
run_43_repetition_0,,qwen7b,650,image,degraded,,,,,,,
run_43_repetition_1,,qwen7b,650,image,degraded,,,,,,,
run_43_repetition_2,,qwen7b,650,image,degraded,,,,,,,
run_43_repetition_3,,qwen7b,650,image,degraded,,,,,,,
run_43_repetition_4,,qwen7b,650,image,degraded,,,,,,,
run_43_repetition_5,,qwen7b,650,image,degraded,,,,,,,
run_43_repetition_6,,qwen7b,650,image,degraded,,,,,,,
run_43_repetition_7,,qwen7b,650,image,degraded,,,,,,,
run_43_repetition_8,,qwen7b,650,image,degraded,,,,,,,
run_43_repetition_9,,qwen7b,650,image,degraded,,,,,,,
run_43_repetition_10,,qwen7b,650,image,degraded,,,,,,,
run_43_repetition_11,,qwen7b,650,image,degraded,,,,,,,
run_43_repetition_12,,qwen7b,650,image,degraded,,,,,,,
run_43_repetition_13,,qwen7b,650,image,degraded,,,,,,,
run_43_repetition_14,,qwen7b,650,image,degraded,,,,,,,
run_43_repetition_15,,qwen7b,650,image,degraded,,,,,,,
run_43_repetition_16,,qwen7b,650,image,degraded,,,,,,,
run_43_repetition_17,,qwen7b,650,image,degraded,,,,,,,
run_43_repetition_18,,qwen7b,650,image,degraded,,,,,,,
run_43_repetition_19,,qwen7b,650,image,degraded,,,,,,,
run_43_repetition_20,,qwen7b,650,image,degraded,,,,,,,
run_43_repetition_21,,qwen7b,650,image,degraded,,,,,,,
run_43_repetition_22,,qwen7b,650,image,degraded,,,,,,,
run_43_repetition_23,,qwen7b,650,image,degraded,,,,,,,
run_43_repetition_24,,qwen7b,650,image,degraded,,,,,,,
run_43_repetition_25,,qwen7b,650,image,degraded,,,,,,,
run_43_repetition_26,,qwen7b,650,image,degraded,,,,,,,
run_43_repetition_27,,qwen7b,650,image,degraded,,,,,,,
run_43_repetition_28,,qwen7b,650,image,degraded,,,,,,,
run_43_repetition_29,,qwen7b,650,image,degraded,,,,,,,
run_43_repetition_30,,qwen7b,650,image,degraded,,,,,,,
run_43_repetition_31,,qwen7b,650,image,degraded,,,,,,,
run_43_repetition_32,,qwen7b,650,image,degraded,,,,,,,
run_43_repetition_33,,qwen7b,650,image,degraded,,,,,,,
run_43_repetition_34,,qwen7b,650,image,degraded,,,,,,,
run_43_repetition_35,,qwen7b,650,image,degraded,,,,,,,
run_43_repetition_36,,qwen7b,650,image,degraded,,,,,,,
run_43_repetition_37,,qwen7b,650,image,degraded,,,,,,,
run_43_repetition_38,,qwen7b,650,image,degraded,,,,,,,
run_43_repetition_39,,qwen7b,650,image,degraded,,,,,,,
run_44_repetition_0,,qwen7b,1250,image,degraded,,,,,,,
run_44_repetition_1,,qwen7b,1250,image,degraded,,,,,,,
run_44_repetition_2,,qwen7b,1250,image,degraded,,,,,,,
run_44_repetition_3,,qwen7b,1250,image,degraded,,,,,,,
run_44_repetition_4,,qwen7b,1250,image,degraded,,,,,,,
run_44_repetition_5,,qwen7b,1250,image,degraded,,,,,,,
run_44_repetition_6,,qwen7b,1250,image,degraded,,,,,,,
run_44_repetition_7,,qwen7b,1250,image,degraded,,,,,,,
run_44_repetition_8,,qwen7b,1250,image,degraded,,,,,,,
run_44_repetition_9,,qwen7b,1250,image,degraded,,,,,,,
run_44_repetition_10,,qwen7b,1250,image,degraded,,,,,,,
run_44_repetition_11,,qwen7b,1250,image,degraded,,,,,,,
run_44_repetition_12,,qwen7b,1250,image,degraded,,,,,,,
run_44_repetition_13,,qwen7b,1250,image,degraded,,,,,,,
run_44_repetition_14,,qwen7b,1250,image,degraded,,,,,,,
run_44_repetition_15,,qwen7b,1250,image,degraded,,,,,,,
run_44_repetition_16,,qwen7b,1250,image,degraded,,,,,,,
run_44_repetition_17,,qwen7b,1250,image,degraded,,,,,,,
run_44_repetition_18,,qwen7b,1250,image,degraded,,,,,,,
run_44_repetition_19,,qwen7b,1250,image,degraded,,,,,,,
run_44_repetition_20,,qwen7b,1250,image,degraded,,,,,,,
run_44_repetition_21,,qwen7b,1250,image,degraded,,,,,,,
run_44_repetition_22,,qwen7b,1250,image,degraded,,,,,,,
run_44_repetition_23,,qwen7b,1250,image,degraded,,,,,,,
run_44_repetition_24,,qwen7b,1250,image,degraded,,,,,,,
run_44_repetition_25,,qwen7b,1250,image,degraded,,,,,,,
run_44_repetition_26,,qwen7b,1250,image,degraded,,,,,,,
run_44_repetition_27,,qwen7b,1250,image,degraded,,,,,,,
run_44_repetition_28,,qwen7b,1250,image,degraded,,,,,,,
run_44_repetition_29,,qwen7b,1250,image,degraded,,,,,,,
run_44_repetition_30,,qwen7b,1250,image,degraded,,,,,,,
run_44_repetition_31,,qwen7b,1250,image,degraded,,,,,,,
run_44_repetition_32,,qwen7b,1250,image,degraded,,,,,,,
run_44_repetition_33,,qwen7b,1250,image,degraded,,,,,,,
run_44_repetition_34,,qwen7b,1250,image,degraded,,,,,,,
run_44_repetition_35,,qwen7b,1250,image,degraded,,,,,,,
run_44_repetition_36,,qwen7b,1250,image,degraded,,,,,,,
run_44_repetition_37,,qwen7b,1250,image,degraded,,,,,,,
run_44_repetition_38,,qwen7b,1250,image,degraded,,,,,,,
run_44_repetition_39,,qwen7b,1250,image,degraded,,,,,,,
run_45_repetition_0,,qwen7b,120,text,degraded,,,,,,,
run_45_repetition_1,,qwen7b,120,text,degraded,,,,,,,
run_45_repetition_2,,qwen7b,120,text,degraded,,,,,,,
run_45_repetition_3,,qwen7b,120,text,degraded,,,,,,,
run_45_repetition_4,,qwen7b,120,text,degraded,,,,,,,
run_45_repetition_5,,qwen7b,120,text,degraded,,,,,,,
run_45_repetition_6,,qwen7b,120,text,degraded,,,,,,,
run_45_repetition_7,,qwen7b,120,text,degraded,,,,,,,
run_45_repetition_8,,qwen7b,120,text,degraded,,,,,,,
run_45_repetition_9,,qwen7b,120,text,degraded,,,,,,,
run_45_repetition_10,,qwen7b,120,text,degraded,,,,,,,
run_45_repetition_11,,qwen7b,120,text,degraded,,,,,,,
run_45_repetition_12,,qwen7b,120,text,degraded,,,,,,,
run_45_repetition_13,,qwen7b,120,text,degraded,,,,,,,
run_45_repetition_14,,qwen7b,120,text,degraded,,,,,,,
run_45_repetition_15,,qwen7b,120,text,degraded,,,,,,,
run_45_repetition_16,,qwen7b,120,text,degraded,,,,,,,
run_45_repetition_17,,qwen7b,120,text,degraded,,,,,,,
run_45_repetition_18,,qwen7b,120,text,degraded,,,,,,,
run_45_repetition_19,,qwen7b,120,text,degraded,,,,,,,
run_45_repetition_20,,qwen7b,120,text,degraded,,,,,,,
run_45_repetition_21,,qwen7b,120,text,degraded,,,,,,,
run_45_repetition_22,,qwen7b,120,text,degraded,,,,,,,
run_45_repetition_23,,qwen7b,120,text,degraded,,,,,,,
run_45_repetition_24,,qwen7b,120,text,degraded,,,,,,,
run_45_repetition_25,,qwen7b,120,text,degraded,,,,,,,
run_45_repetition_26,,qwen7b,120,text,degraded,,,,,,,
run_45_repetition_27,,qwen7b,120,text,degraded,,,,,,,
run_45_repetition_28,,qwen7b,120,text,degraded,,,,,,,
run_45_repetition_29,,qwen7b,120,text,degraded,,,,,,,
run_45_repetition_30,,qwen7b,120,text,degraded,,,,,,,
run_45_repetition_31,,qwen7b,120,text,degraded,,,,,,,
run_45_repetition_32,,qwen7b,120,text,degraded,,,,,,,
run_45_repetition_33,,qwen7b,120,text,degraded,,,,,,,
run_45_repetition_34,,qwen7b,120,text,degraded,,,,,,,
run_45_repetition_35,,qwen7b,120,text,degraded,,,,,,,
run_45_repetition_36,,qwen7b,120,text,degraded,,,,,,,
run_45_repetition_37,,qwen7b,120,text,degraded,,,,,,,
run_45_repetition_38,,qwen7b,120,text,degraded,,,,,,,
run_45_repetition_39,,qwen7b,120,text,degraded,,,,,,,
run_46_repetition_0,,qwen7b,650,text,degraded,,,,,,,
run_46_repetition_1,,qwen7b,650,text,degraded,,,,,,,
run_46_repetition_2,,qwen7b,650,text,degraded,,,,,,,
run_46_repetition_3,,qwen7b,650,text,degraded,,,,,,,
run_46_repetition_4,,qwen7b,650,text,degraded,,,,,,,
run_46_repetition_5,,qwen7b,650,text,degraded,,,,,,,
run_46_repetition_6,,qwen7b,650,text,degraded,,,,,,,
run_46_repetition_7,,qwen7b,650,text,degraded,,,,,,,
run_46_repetition_8,,qwen7b,650,text,degraded,,,,,,,
run_46_repetition_9,,qwen7b,650,text,degraded,,,,,,,
run_46_repetition_10,,qwen7b,650,text,degraded,,,,,,,
run_46_repetition_11,,qwen7b,650,text,degraded,,,,,,,
run_46_repetition_12,,qwen7b,650,text,degraded,,,,,,,
run_46_repetition_13,,qwen7b,650,text,degraded,,,,,,,
run_46_repetition_14,,qwen7b,650,text,degraded,,,,,,,
run_46_repetition_15,,qwen7b,650,text,degraded,,,,,,,
run_46_repetition_16,,qwen7b,650,text,degraded,,,,,,,
run_46_repetition_17,,qwen7b,650,text,degraded,,,,,,,
run_46_repetition_18,,qwen7b,650,text,degraded,,,,,,,
run_46_repetition_19,,qwen7b,650,text,degraded,,,,,,,
run_46_repetition_20,,qwen7b,650,text,degraded,,,,,,,
run_46_repetition_21,,qwen7b,650,text,degraded,,,,,,,
run_46_repetition_22,,qwen7b,650,text,degraded,,,,,,,
run_46_repetition_23,,qwen7b,650,text,degraded,,,,,,,
run_46_repetition_24,,qwen7b,650,text,degraded,,,,,,,
run_46_repetition_25,,qwen7b,650,text,degraded,,,,,,,
run_46_repetition_26,,qwen7b,650,text,degraded,,,,,,,
run_46_repetition_27,,qwen7b,650,text,degraded,,,,,,,
run_46_repetition_28,,qwen7b,650,text,degraded,,,,,,,
run_46_repetition_29,,qwen7b,650,text,degraded,,,,,,,
run_46_repetition_30,,qwen7b,650,text,degraded,,,,,,,
run_46_repetition_31,,qwen7b,650,text,degraded,,,,,,,
run_46_repetition_32,,qwen7b,650,text,degraded,,,,,,,
run_46_repetition_33,,qwen7b,650,text,degraded,,,,,,,
run_46_repetition_34,,qwen7b,650,text,degraded,,,,,,,
run_46_repetition_35,,qwen7b,650,text,degraded,,,,,,,
run_46_repetition_36,,qwen7b,650,text,degraded,,,,,,,
run_46_repetition_37,,qwen7b,650,text,degraded,,,,,,,
run_46_repetition_38,,qwen7b,650,text,degraded,,,,,,,
run_46_repetition_39,,qwen7b,650,text,degraded,,,,,,,
run_47_repetition_0,,qwen7b,1250,text,degraded,,,,,,,
run_47_repetition_1,,qwen7b,1250,text,degraded,,,,,,,
run_47_repetition_2,,qwen7b,1250,text,degraded,,,,,,,
run_47_repetition_3,,qwen7b,1250,text,degraded,,,,,,,
run_47_repetition_4,,qwen7b,1250,text,degraded,,,,,,,
run_47_repetition_5,,qwen7b,1250,text,degraded,,,,,,,
run_47_repetition_6,,qwen7b,1250,text,degraded,,,,,,,
run_47_repetition_7,,qwen7b,1250,text,degraded,,,,,,,
run_47_repetition_8,,qwen7b,1250,text,degraded,,,,,,,
run_47_repetition_9,,qwen7b,1250,text,degraded,,,,,,,
run_47_repetition_10,,qwen7b,1250,text,degraded,,,,,,,
run_47_repetition_11,,qwen7b,1250,text,degraded,,,,,,,
run_47_repetition_12,,qwen7b,1250,text,degraded,,,,,,,
run_47_repetition_13,,qwen7b,1250,text,degraded,,,,,,,
run_47_repetition_14,,qwen7b,1250,text,degraded,,,,,,,
run_47_repetition_15,,qwen7b,1250,text,degraded,,,,,,,
run_47_repetition_16,,qwen7b,1250,text,degraded,,,,,,,
run_47_repetition_17,,qwen7b,1250,text,degraded,,,,,,,
run_47_repetition_18,,qwen7b,1250,text,degraded,,,,,,,
run_47_repetition_19,,qwen7b,1250,text,degraded,,,,,,,
run_47_repetition_20,,qwen7b,1250,text,degraded,,,,,,,
run_47_repetition_21,,qwen7b,1250,text,degraded,,,,,,,
run_47_repetition_22,,qwen7b,1250,text,degraded,,,,,,,
run_47_repetition_23,,qwen7b,1250,text,degraded,,,,,,,
run_47_repetition_24,,qwen7b,1250,text,degraded,,,,,,,
run_47_repetition_25,,qwen7b,1250,text,degraded,,,,,,,
run_47_repetition_26,,qwen7b,1250,text,degraded,,,,,,,
run_47_repetition_27,,qwen7b,1250,text,degraded,,,,,,,
run_47_repetition_28,,qwen7b,1250,text,degraded,,,,,,,
run_47_repetition_29,,qwen7b,1250,text,degraded,,,,,,,
run_47_repetition_30,,qwen7b,1250,text,degraded,,,,,,,
run_47_repetition_31,,qwen7b,1250,text,degraded,,,,,,,
run_47_repetition_32,,qwen7b,1250,text,degraded,,,,,,,
run_47_repetition_33,,qwen7b,1250,text,degraded,,,,,,,
run_47_repetition_34,,qwen7b,1250,text,degraded,,,,,,,
run_47_repetition_35,,qwen7b,1250,text,degraded,,,,,,,
run_47_repetition_36,,qwen7b,1250,text,degraded,,,,,,,
run_47_repetition_37,,qwen7b,1250,text,degraded,,,,,,,
run_47_repetition_38,,qwen7b,1250,text,degraded,,,,,,,
run_47_repetition_39,,qwen7b,1250,text,degraded,,,,,,,
run_48_repetition_0,,qwen7b,120,image,bad,,,,,,,
run_48_repetition_1,,qwen7b,120,image,bad,,,,,,,
run_48_repetition_2,,qwen7b,120,image,bad,,,,,,,
run_48_repetition_3,,qwen7b,120,image,bad,,,,,,,
run_48_repetition_4,,qwen7b,120,image,bad,,,,,,,
run_48_repetition_5,,qwen7b,120,image,bad,,,,,,,
run_48_repetition_6,,qwen7b,120,image,bad,,,,,,,
run_48_repetition_7,,qwen7b,120,image,bad,,,,,,,
run_48_repetition_8,,qwen7b,120,image,bad,,,,,,,
run_48_repetition_9,,qwen7b,120,image,bad,,,,,,,
run_48_repetition_10,,qwen7b,120,image,bad,,,,,,,
run_48_repetition_11,,qwen7b,120,image,bad,,,,,,,
run_48_repetition_12,,qwen7b,120,image,bad,,,,,,,
run_48_repetition_13,,qwen7b,120,image,bad,,,,,,,
run_48_repetition_14,,qwen7b,120,image,bad,,,,,,,
run_48_repetition_15,,qwen7b,120,image,bad,,,,,,,
run_48_repetition_16,,qwen7b,120,image,bad,,,,,,,
run_48_repetition_17,,qwen7b,120,image,bad,,,,,,,
run_48_repetition_18,,qwen7b,120,image,bad,,,,,,,
run_48_repetition_19,,qwen7b,120,image,bad,,,,,,,
run_48_repetition_20,,qwen7b,120,image,bad,,,,,,,
run_48_repetition_21,,qwen7b,120,image,bad,,,,,,,
run_48_repetition_22,,qwen7b,120,image,bad,,,,,,,
run_48_repetition_23,,qwen7b,120,image,bad,,,,,,,
run_48_repetition_24,,qwen7b,120,image,bad,,,,,,,
run_48_repetition_25,,qwen7b,120,image,bad,,,,,,,
run_48_repetition_26,,qwen7b,120,image,bad,,,,,,,
run_48_repetition_27,,qwen7b,120,image,bad,,,,,,,
run_48_repetition_28,,qwen7b,120,image,bad,,,,,,,
run_48_repetition_29,,qwen7b,120,image,bad,,,,,,,
run_48_repetition_30,,qwen7b,120,image,bad,,,,,,,
run_48_repetition_31,,qwen7b,120,image,bad,,,,,,,
run_48_repetition_32,,qwen7b,120,image,bad,,,,,,,
run_48_repetition_33,,qwen7b,120,image,bad,,,,,,,
run_48_repetition_34,,qwen7b,120,image,bad,,,,,,,
run_48_repetition_35,,qwen7b,120,image,bad,,,,,,,
run_48_repetition_36,,qwen7b,120,image,bad,,,,,,,
run_48_repetition_37,,qwen7b,120,image,bad,,,,,,,
run_48_repetition_38,,qwen7b,120,image,bad,,,,,,,
run_48_repetition_39,,qwen7b,120,image,bad,,,,,,,
run_49_repetition_0,,qwen7b,650,image,bad,,,,,,,
run_49_repetition_1,,qwen7b,650,image,bad,,,,,,,
run_49_repetition_2,,qwen7b,650,image,bad,,,,,,,
run_49_repetition_3,,qwen7b,650,image,bad,,,,,,,
run_49_repetition_4,,qwen7b,650,image,bad,,,,,,,
run_49_repetition_5,,qwen7b,650,image,bad,,,,,,,
run_49_repetition_6,,qwen7b,650,image,bad,,,,,,,
run_49_repetition_7,,qwen7b,650,image,bad,,,,,,,
run_49_repetition_8,,qwen7b,650,image,bad,,,,,,,
run_49_repetition_9,,qwen7b,650,image,bad,,,,,,,
run_49_repetition_10,,qwen7b,650,image,bad,,,,,,,
run_49_repetition_11,,qwen7b,650,image,bad,,,,,,,
run_49_repetition_12,,qwen7b,650,image,bad,,,,,,,
run_49_repetition_13,,qwen7b,650,image,bad,,,,,,,
run_49_repetition_14,,qwen7b,650,image,bad,,,,,,,
run_49_repetition_15,,qwen7b,650,image,bad,,,,,,,
run_49_repetition_16,,qwen7b,650,image,bad,,,,,,,
run_49_repetition_17,,qwen7b,650,image,bad,,,,,,,
run_49_repetition_18,,qwen7b,650,image,bad,,,,,,,
run_49_repetition_19,,qwen7b,650,image,bad,,,,,,,
run_49_repetition_20,,qwen7b,650,image,bad,,,,,,,
run_49_repetition_21,,qwen7b,650,image,bad,,,,,,,
run_49_repetition_22,,qwen7b,650,image,bad,,,,,,,
run_49_repetition_23,,qwen7b,650,image,bad,,,,,,,
run_49_repetition_24,,qwen7b,650,image,bad,,,,,,,
run_49_repetition_25,,qwen7b,650,image,bad,,,,,,,
run_49_repetition_26,,qwen7b,650,image,bad,,,,,,,
run_49_repetition_27,,qwen7b,650,image,bad,,,,,,,
run_49_repetition_28,,qwen7b,650,image,bad,,,,,,,
run_49_repetition_29,,qwen7b,650,image,bad,,,,,,,
run_49_repetition_30,,qwen7b,650,image,bad,,,,,,,
run_49_repetition_31,,qwen7b,650,image,bad,,,,,,,
run_49_repetition_32,,qwen7b,650,image,bad,,,,,,,
run_49_repetition_33,,qwen7b,650,image,bad,,,,,,,
run_49_repetition_34,,qwen7b,650,image,bad,,,,,,,
run_49_repetition_35,,qwen7b,650,image,bad,,,,,,,
run_49_repetition_36,,qwen7b,650,image,bad,,,,,,,
run_49_repetition_37,,qwen7b,650,image,bad,,,,,,,
run_49_repetition_38,,qwen7b,650,image,bad,,,,,,,
run_49_repetition_39,,qwen7b,650,image,bad,,,,,,,
run_50_repetition_0,,qwen7b,1250,image,bad,,,,,,,
run_50_repetition_1,,qwen7b,1250,image,bad,,,,,,,
run_50_repetition_2,,qwen7b,1250,image,bad,,,,,,,
run_50_repetition_3,,qwen7b,1250,image,bad,,,,,,,
run_50_repetition_4,,qwen7b,1250,image,bad,,,,,,,
run_50_repetition_5,,qwen7b,1250,image,bad,,,,,,,
run_50_repetition_6,,qwen7b,1250,image,bad,,,,,,,
run_50_repetition_7,,qwen7b,1250,image,bad,,,,,,,
run_50_repetition_8,,qwen7b,1250,image,bad,,,,,,,
run_50_repetition_9,,qwen7b,1250,image,bad,,,,,,,
run_50_repetition_10,,qwen7b,1250,image,bad,,,,,,,
run_50_repetition_11,,qwen7b,1250,image,bad,,,,,,,
run_50_repetition_12,,qwen7b,1250,image,bad,,,,,,,
run_50_repetition_13,,qwen7b,1250,image,bad,,,,,,,
run_50_repetition_14,,qwen7b,1250,image,bad,,,,,,,
run_50_repetition_15,,qwen7b,1250,image,bad,,,,,,,
run_50_repetition_16,,qwen7b,1250,image,bad,,,,,,,
run_50_repetition_17,,qwen7b,1250,image,bad,,,,,,,
run_50_repetition_18,,qwen7b,1250,image,bad,,,,,,,
run_50_repetition_19,,qwen7b,1250,image,bad,,,,,,,
run_50_repetition_20,,qwen7b,1250,image,bad,,,,,,,
run_50_repetition_21,,qwen7b,1250,image,bad,,,,,,,
run_50_repetition_22,,qwen7b,1250,image,bad,,,,,,,
run_50_repetition_23,,qwen7b,1250,image,bad,,,,,,,
run_50_repetition_24,,qwen7b,1250,image,bad,,,,,,,
run_50_repetition_25,,qwen7b,1250,image,bad,,,,,,,
run_50_repetition_26,,qwen7b,1250,image,bad,,,,,,,
run_50_repetition_27,,qwen7b,1250,image,bad,,,,,,,
run_50_repetition_28,,qwen7b,1250,image,bad,,,,,,,
run_50_repetition_29,,qwen7b,1250,image,bad,,,,,,,
run_50_repetition_30,,qwen7b,1250,image,bad,,,,,,,
run_50_repetition_31,,qwen7b,1250,image,bad,,,,,,,
run_50_repetition_32,,qwen7b,1250,image,bad,,,,,,,
run_50_repetition_33,,qwen7b,1250,image,bad,,,,,,,
run_50_repetition_34,,qwen7b,1250,image,bad,,,,,,,
run_50_repetition_35,,qwen7b,1250,image,bad,,,,,,,
run_50_repetition_36,,qwen7b,1250,image,bad,,,,,,,
run_50_repetition_37,,qwen7b,1250,image,bad,,,,,,,
run_50_repetition_38,,qwen7b,1250,image,bad,,,,,,,
run_50_repetition_39,,qwen7b,1250,image,bad,,,,,,,
run_51_repetition_0,,qwen7b,120,text,bad,,,,,,,
run_51_repetition_1,,qwen7b,120,text,bad,,,,,,,
run_51_repetition_2,,qwen7b,120,text,bad,,,,,,,
run_51_repetition_3,,qwen7b,120,text,bad,,,,,,,
run_51_repetition_4,,qwen7b,120,text,bad,,,,,,,
run_51_repetition_5,,qwen7b,120,text,bad,,,,,,,
run_51_repetition_6,,qwen7b,120,text,bad,,,,,,,
run_51_repetition_7,,qwen7b,120,text,bad,,,,,,,
run_51_repetition_8,,qwen7b,120,text,bad,,,,,,,
run_51_repetition_9,,qwen7b,120,text,bad,,,,,,,
run_51_repetition_10,,qwen7b,120,text,bad,,,,,,,
run_51_repetition_11,,qwen7b,120,text,bad,,,,,,,
run_51_repetition_12,,qwen7b,120,text,bad,,,,,,,
run_51_repetition_13,,qwen7b,120,text,bad,,,,,,,
run_51_repetition_14,,qwen7b,120,text,bad,,,,,,,
run_51_repetition_15,,qwen7b,120,text,bad,,,,,,,
run_51_repetition_16,,qwen7b,120,text,bad,,,,,,,
run_51_repetition_17,,qwen7b,120,text,bad,,,,,,,
run_51_repetition_18,,qwen7b,120,text,bad,,,,,,,
run_51_repetition_19,,qwen7b,120,text,bad,,,,,,,
run_51_repetition_20,,qwen7b,120,text,bad,,,,,,,
run_51_repetition_21,,qwen7b,120,text,bad,,,,,,,
run_51_repetition_22,,qwen7b,120,text,bad,,,,,,,
run_51_repetition_23,,qwen7b,120,text,bad,,,,,,,
run_51_repetition_24,,qwen7b,120,text,bad,,,,,,,
run_51_repetition_25,,qwen7b,120,text,bad,,,,,,,
run_51_repetition_26,,qwen7b,120,text,bad,,,,,,,
run_51_repetition_27,,qwen7b,120,text,bad,,,,,,,
run_51_repetition_28,,qwen7b,120,text,bad,,,,,,,
run_51_repetition_29,,qwen7b,120,text,bad,,,,,,,
run_51_repetition_30,,qwen7b,120,text,bad,,,,,,,
run_51_repetition_31,,qwen7b,120,text,bad,,,,,,,
run_51_repetition_32,,qwen7b,120,text,bad,,,,,,,
run_51_repetition_33,,qwen7b,120,text,bad,,,,,,,
run_51_repetition_34,,qwen7b,120,text,bad,,,,,,,
run_51_repetition_35,,qwen7b,120,text,bad,,,,,,,
run_51_repetition_36,,qwen7b,120,text,bad,,,,,,,
run_51_repetition_37,,qwen7b,120,text,bad,,,,,,,
run_51_repetition_38,,qwen7b,120,text,bad,,,,,,,
run_51_repetition_39,,qwen7b,120,text,bad,,,,,,,
run_52_repetition_0,,qwen7b,650,text,bad,,,,,,,
run_52_repetition_1,,qwen7b,650,text,bad,,,,,,,
run_52_repetition_2,,qwen7b,650,text,bad,,,,,,,
run_52_repetition_3,,qwen7b,650,text,bad,,,,,,,
run_52_repetition_4,,qwen7b,650,text,bad,,,,,,,
run_52_repetition_5,,qwen7b,650,text,bad,,,,,,,
run_52_repetition_6,,qwen7b,650,text,bad,,,,,,,
run_52_repetition_7,,qwen7b,650,text,bad,,,,,,,
run_52_repetition_8,,qwen7b,650,text,bad,,,,,,,
run_52_repetition_9,,qwen7b,650,text,bad,,,,,,,
run_52_repetition_10,,qwen7b,650,text,bad,,,,,,,
run_52_repetition_11,,qwen7b,650,text,bad,,,,,,,
run_52_repetition_12,,qwen7b,650,text,bad,,,,,,,
run_52_repetition_13,,qwen7b,650,text,bad,,,,,,,
run_52_repetition_14,,qwen7b,650,text,bad,,,,,,,
run_52_repetition_15,,qwen7b,650,text,bad,,,,,,,
run_52_repetition_16,,qwen7b,650,text,bad,,,,,,,
run_52_repetition_17,,qwen7b,650,text,bad,,,,,,,
run_52_repetition_18,,qwen7b,650,text,bad,,,,,,,
run_52_repetition_19,,qwen7b,650,text,bad,,,,,,,
run_52_repetition_20,,qwen7b,650,text,bad,,,,,,,
run_52_repetition_21,,qwen7b,650,text,bad,,,,,,,
run_52_repetition_22,,qwen7b,650,text,bad,,,,,,,
run_52_repetition_23,,qwen7b,650,text,bad,,,,,,,
run_52_repetition_24,,qwen7b,650,text,bad,,,,,,,
run_52_repetition_25,,qwen7b,650,text,bad,,,,,,,
run_52_repetition_26,,qwen7b,650,text,bad,,,,,,,
run_52_repetition_27,,qwen7b,650,text,bad,,,,,,,
run_52_repetition_28,,qwen7b,650,text,bad,,,,,,,
run_52_repetition_29,,qwen7b,650,text,bad,,,,,,,
run_52_repetition_30,,qwen7b,650,text,bad,,,,,,,
run_52_repetition_31,,qwen7b,650,text,bad,,,,,,,
run_52_repetition_32,,qwen7b,650,text,bad,,,,,,,
run_52_repetition_33,,qwen7b,650,text,bad,,,,,,,
run_52_repetition_34,,qwen7b,650,text,bad,,,,,,,
run_52_repetition_35,,qwen7b,650,text,bad,,,,,,,
run_52_repetition_36,,qwen7b,650,text,bad,,,,,,,
run_52_repetition_37,,qwen7b,650,text,bad,,,,,,,
run_52_repetition_38,,qwen7b,650,text,bad,,,,,,,
run_52_repetition_39,,qwen7b,650,text,bad,,,,,,,
run_53_repetition_0,,qwen7b,1250,text,bad,,,,,,,
run_53_repetition_1,,qwen7b,1250,text,bad,,,,,,,
run_53_repetition_2,,qwen7b,1250,text,bad,,,,,,,
run_53_repetition_3,,qwen7b,1250,text,bad,,,,,,,
run_53_repetition_4,,qwen7b,1250,text,bad,,,,,,,
run_53_repetition_5,,qwen7b,1250,text,bad,,,,,,,
run_53_repetition_6,,qwen7b,1250,text,bad,,,,,,,
run_53_repetition_7,,qwen7b,1250,text,bad,,,,,,,
run_53_repetition_8,,qwen7b,1250,text,bad,,,,,,,
run_53_repetition_9,,qwen7b,1250,text,bad,,,,,,,
run_53_repetition_10,,qwen7b,1250,text,bad,,,,,,,
run_53_repetition_11,,qwen7b,1250,text,bad,,,,,,,
run_53_repetition_12,,qwen7b,1250,text,bad,,,,,,,
run_53_repetition_13,,qwen7b,1250,text,bad,,,,,,,
run_53_repetition_14,,qwen7b,1250,text,bad,,,,,,,
run_53_repetition_15,,qwen7b,1250,text,bad,,,,,,,
run_53_repetition_16,,qwen7b,1250,text,bad,,,,,,,
run_53_repetition_17,,qwen7b,1250,text,bad,,,,,,,
run_53_repetition_18,,qwen7b,1250,text,bad,,,,,,,
run_53_repetition_19,,qwen7b,1250,text,bad,,,,,,,
run_53_repetition_20,,qwen7b,1250,text,bad,,,,,,,
run_53_repetition_21,,qwen7b,1250,text,bad,,,,,,,
run_53_repetition_22,,qwen7b,1250,text,bad,,,,,,,
run_53_repetition_23,,qwen7b,1250,text,bad,,,,,,,
run_53_repetition_24,,qwen7b,1250,text,bad,,,,,,,
run_53_repetition_25,,qwen7b,1250,text,bad,,,,,,,
run_53_repetition_26,,qwen7b,1250,text,bad,,,,,,,
run_53_repetition_27,,qwen7b,1250,text,bad,,,,,,,
run_53_repetition_28,,qwen7b,1250,text,bad,,,,,,,
run_53_repetition_29,,qwen7b,1250,text,bad,,,,,,,
run_53_repetition_30,,qwen7b,1250,text,bad,,,,,,,
run_53_repetition_31,,qwen7b,1250,text,bad,,,,,,,
run_53_repetition_32,,qwen7b,1250,text,bad,,,,,,,
run_53_repetition_33,,qwen7b,1250,text,bad,,,,,,,
run_53_repetition_34,,qwen7b,1250,text,bad,,,,,,,
run_53_repetition_35,,qwen7b,1250,text,bad,,,,,,,
run_53_repetition_36,,qwen7b,1250,text,bad,,,,,,,
run_53_repetition_37,,qwen7b,1250,text,bad,,,,,,,
run_53_repetition_38,,qwen7b,1250,text,bad,,,,,,,
run_53_repetition_39,,qwen7b,1250,text,bad,,,,,,,
